ablation,абляция (таяние ледников)
abrasion,абразия
abrasive process,абразионный процесс
abrasive rock,абразивная порода
aboveground,надземный
abrupt destruction,внезапное разрушение
absorbed complex,поглощенный комплекс
absorbed dose,поглощенная доза
absorbed dose rate,мощность поглощенной дозы
absorbing capacity,емкость поглощения
absorbing well,поглощающий колодец
absorption,"абсорбция, поглощение"
water absorption,водопоглощение
abutment,"опора, опорная стена, контрфорс"
abyssal,глубинный
abyssal rock,глубинная порода
abyssal deposits,абиссальные (глубинные) отложения
acceleration,ускорение
peak ground acceleration,пиковое ускорение
accelerogram,акселерограмма
synthesized,синтезированная
analogue,аналоговая
accelerograph,акселерограф
acceptable,допустимый
accident,"авария, чрезвычайная ситуация"
emergency,"авария, чрезвычайная ситуация"
accident rate,аварийность
accident elimination,ликвидация аварии
accident-free technology,безаварийная технология
accidental (casual) pollution,случайное загрязнение
accomplish,"выполнять, осуществлять"
accomplish in succession with drilling,выполнять в ходе бурения
accomplish in succession with boring,выполнять в ходе бурения
accrete,обрастать
accumulated dose,накопленная доза
accumulation,"скопление, накопление, аккумуляция"
accumulative plane,аккумулятивная равнина
accumulative plain,аккумулятивная равнина
accuracy,точность
precision,точность
acetic acid,уксусная кислота
acid rain,кислотный дождь
acid rock,кислая порода
soil acidulation,подкисление почвы
acme,"вершина, высшая точка"
apex,"вершина, высшая точка"
acoustic,акустический
acoustic log (sonic log),акустический каротаж
active coating layer,деятельный слой (глубина оттаивания)
active fault,активный разлом
active zone foundation soil,активная зона основания
actual,фактический
actual tide,"фактический прилив, отлив"
actualization,"актуализация, обновление"
updating,"актуализация, обновление"
modifying,"актуализация, обновление"
adit,штольня
gallery,штольня
adit collar,устье штольни
admissible,допустимый
admixture,примесь
adopted system of coordinates,принятая система координат
adsorption,адсорбция
advancement,проходка
adverse conditions,неблагоприятные условия
aeration zone,зона аэрации
aerial photography,аэрофотосъемка
aerial visual observations,аэровизуальные наблюдения
aerobic,аэробный
aerological works,аэрологические работы
aeromagnetic survey,аэромагнитная съемка
affected zone,зона влияния
affirmative part of design,утверждаемая часть проекта
aftershock,афтершок
age,возраст
ageing of radioactive wastes,выдержка радиоактивных отходов
aggregate,"заполнитель, совокупность, скопление"
aggregation state,агрегатное состояние
aggressiveness,агрессивность
aggressive action against concrete,агрессивность к бетону
agreement,соглашение
agricultural afforestation,агролесомелиорация
agriculture,сельское хозяйство
agricultural area,сельскохозяйственные угодья
agrobiocenosis,агробиоценоз
air,воздух
air bubble,пузырек воздуха
air current,воздушный поток
air conditioning,кондиционирование воздуха
aircraft,"воздушное судно, самолет"
air-dried,воздушно-сухой
air flow,воздушный поток
air flow circulation,воздушная циркуляция
airlift,эрлифт
air passage,воздушный канал
air traffic corridor,воздушный коридор
airway,"воздушная линия, воздушная трасса"
alass,алас
albedo,альбедо
alder,ольха
aleurite,алеврит
alkaline,щелочная
alkalinity,щелочность
allowance,"допуск, допускаемое отклонение"
allowable,допустимый
alluvial (proluvial) fan,аллювиальный (пролювиальный) конус выноса
alluvium,аллювий
alternating,переменный
"alternating layers, alternation of beds",переслаивание
altimeter,альтиметр (высотомер)
altitude,высота
aluminosilicate,алюмосиликат
aluminum,алюминий
amendment,поправка
ammonium,аммоний
amount,"количество, сумма, итог"
amplifier,усилитель
amplify,"усиливать, увеличивать"
amplitude амплитуда
amplitude-frequency characteristics,амплитудно-частотные характеристики
anaerobic,анаэробный
analysis,анализ
anchor,анкер (якорь)
anchoring,анкеровка
anchorage,анкеровка
anchoring on the terrain,закрепление на местности
ancient,древний
aneroid,анероид (барометр)
angle,угол
angular unconformity,угловое несогласие
angle of internal friction,угол внутреннего трения
angle of repose,угол естественного откоса
angle of shear,угол сдвига
angle of slide,угол сдвига
angle of slip,угол сдвига
angular unconformity,угловое несогласие
anhydrite,ангидрит
anisotropy,анизотропия
annual,ежегодное (внутригодовое)
annual distribution,внутригодовое распределение
annular space,затрубное пространство
anomaly,аномалия
abnormal,аномальный
anteclise,антеклиза
anticipated value,принятое значение
anticline,антиклиналь
anticlinorium,анитиклинорий
anthropogeneous,антропогенный
anthropogenic,антропогенный
anthropogenic impact,антропогенное воздействие
apparent value,кажущаяся величина
Appendix,приложение (к отчету)
appliance,"прибор, устройство"
application,применение
applied,прикладная
apply,"применять, прилагать"
appraisal,оценка
appropriate,соответствующий (подходящий)
relevant,соответствующий (подходящий)
aquifer,водоносный горизонт (слой)
archaeological,археологический
arch dam,арочная плотина
archived data,архивные материалы
arctic,арктический
areometer,ареометр
argillite,аргиллит
arguillous minerals,глинистые минералы
clay minerals,глинистые минералы
arrangement,размещение
arrival,вступление волны (геофиз.)
artesian,артезианский
artificial base,искусственное (основание)
artificial recharge,искусственное восполнение (воды)
asequential,асеквентный
ash,"зола, пепел"
assessment,оценка
assessment of completeness of collected materials,оценка полноты собранных материалов
assessment of seismic danger,оценка сейсмической опасности
assimilative capacity,ассимилирующая способность
atmosphere,атмосфера
atmospheric,атмосферный
attendant,сопутствующие
associated,сопутствующие
affiliated,сопутствующие
attendant works,сопутствующие работы
associated works,сопутствующие работы
affiliated works,сопутствующие работы
attenuation,затухание
demping,затухание
Atterberg plasticity limits,пределы пластичности по Аттербергу
attitude,"положение, залегание"
attrition,износ
attrition test,испытание на износ
auger,желонка
auger,"сверло, шнек"
aura,ореол
automatic,автоматический
automatic gauge,автоматический датчик
auxiliary works,вспомогательные (сопутствующие) работы
availability,пригодность
avalanche,лавина
"average, mean",средний
average annual air temperature,среднегодовая температура воздуха
axial stress,осевое напряжение
azimuth,азимут
background concentration,фоновая концентрация
back fill,обратная засыпка
back-up,"подтверждать, поддерживать"
backwater,подпор (у плотины)
bacteriological composition,бактериологический состав
bactericide,бактерицид
bailer,желонка
bailing-out,тартание
balance,равновесие
ballast,балласт
kentlege,балласт
banded clay,ленточная глина
bank,насыпь
banquette,насыпь
banking,обвалование
"bank (beach, coast)",берег
bar,"бар, вал"
barometer,барометр
barrage,"барраж, запруда"
barrettes,стена в грунте
barrier,барьер
base,основание
base level of erosion,базис эрозии
base of the foundation,подошва фундамента
base level of the foundation,подошва фундамента
base of seam,подошва пласта
basic parameters,основные параметры
basic station,опорная станция
basin,"бассейн, водоём"
bathymetric survey,батиметрическая съемка
batter,искусственный откос
bay,залив
"beach, coast","берег, пляж"
beach barrier,береговой вал
beam,балка
bearing capacity,несущая способность
beautiful spot,памятник природы
bed,"слой, пласт"
layer,"слой, пласт"
stratum,"слой, пласт"
bed position,элементы залегания
bedding,"напластование, слоистость"
bedding plane,плоскость (поверхность) напластования
bedding conditions,условия залегания пород
bed load,твердый сток
bedrock,коренная порода
base rock,коренная порода
bed silt,донный нанос
beheading,перехват (реки)
bench,"уступ, откос"
cliff,"уступ, откос"
bench mark,"репер над уровнем моря, реки"
bend,излучина (реки)
bent,"склон, наклонный"
bentonite,бентонит
benthos,бентос
"berm, bench",берма
beyond design basis accident,запроектная авария
biocenosis,биоценоз
biochemical oxygen demand,биохимическое потребление кислорода
biogas,биогаз
biogenous matter,биогенное вещество
biogeocenosis,биогеоценоз
bioindication,биоиндикация
biomass,биомасса
biota,биота
biotechnology,биотехнология
biotesting,биотестирование
birch,береза
bituminization,битуминизация
blasting,подрывные работы
blister,гидролакколит
blizzard,буран
block of the Earth crust,блок земной коры
block sample,монолит
block slip,оползень блоковый
blowdown,продувание
blown sands,дюнные (развеваемые) пески
body waves,объемные волны
bog,болото
bogging,заболачивание
bore,"бур, коронка, долото"
bore bit,"бур, коронка, долото"
bore rod,штанга буровая
boreal,бореальный
bore hole,скважина
boring core,керн
boundary,граница
"boring, drilling",бурение
rotary drilling,вращательное бурение
core drilling,колонковое бурение
churn drilling,ударно-канатное бурение
percussion drilling,ударно-канатное бурение
boring with line,ударно-канатное бурение
wash boring,бурение с промывкой
reverse circulation drilling,бурение с обратной промывкой
boring frame,буровой станок
boring rig,буровой станок
boring hole,буровая скважина
boring log,разрез (колонка) скважины
boring log,буровой журнал
boring register,буровой журнал
boring string,буровая колонна
boring tool,буровой снаряд
boring equipment,буровое оборудование
borrow cut,"карьер, каменоломня"
bottom,дно
bottom scoop,дночерпатель (пробоотборник образцов нарушенной структуры)
bottom of layer,подошва пласта
bottom sediments,донные осадки
boulder,"валун, глыба, крупные обломки"
boulder clay,валунный суглинок
boulder loam,валунный суглинок
bowels,недра
bracing,крепление (выработок)
branch,"протока, рукав, ветвь"
branch normative regulations,ведомственные нормативные документы
break-point,критическая точка
break of slope,перегиб (склона)
breakstone,щебень
break-up,вскрытие
breakwater,волнолом
breccia,брекчия
brick,кирпич
bridge,мост
bridge pier,мостовой бык
brim,"край, обрамление"
"brine, pickle",рассол
brittleness,хрупкость
brook,"ручей, протока, рукав"
brooklet,"ручей, протока, рукав"
building,строительство
construction,строительство
industrial,промышленное
civil,гражданское
linear,линейное
power,энергетическое
building materials,строительные материалы
construction materials,строительные материалы
building pit,котлован
bulk density,объемная плотность
bulk head,шпунтовая стенка
bulking,пучение (вспучивание)
buoyancy,плавучесть
burial,захоронение
burial of radioactive wastes,захоронение радиоактивных отходов
burial facility,могильник
buried,погребенный
buried channel,погребенное русло
buried structures,подземные сооружения
burned-out forest,гарь
burst (blast),"взрыв, выброс"
bush,кустарник
buttress dam,контрфорсная плотина
by gravity,самотеком
by sight,на глаз (замер)
by-pass,объезд
by-products,отходы
by-water,старица
cable,"трос, канат, кабель"
cable sheathing,оболочка кабеля
cable-tool drilling,ударно-канатное бурение
cadastre,кадастр
caisson,кессон
calamity,"катастрофа, бедствие"
calcite,кальцит
calculation,"расчет, вычисление"
calculation constant,расчетный показатель
caldera,кальдера
canal,канал
canalization,канализация
candidate sites,конкурентные (конкурирующие) площадки
cantilever,консоль
canyon,каньон
capillary rise,капиллярное поднятие
capillary water,капиллярная вода
capillary zone,зона капиллярного поднятия
capture,перехват (реки)
carbonate,карбонат
carbonaceous,карбонатный (известняковый)
calcareous,карбонатный (известняковый)
carbonic acid,углекислота
carbonic period,каменноугольный период
carjack,домкрат
carjack-type sounding,статическое зондирование
cartogram,картограмма
cartogram of available research materials,картограмма изученности
carry out,"проводить, выполнять"
cascade,порог (речной)
casing,обсадка
casing shoe,башмак (обсадных труб)
casing tube,обсадная труба
catalogue,каталог
catchment area,водосборная площадь
catchment area of ground water,область питания подземных вод
catchment basin,водосборный бассейн
cathodic protection,катодная защита
cation exchange,катионный обмен
cause,причина
cave,"полость, пещера"
cave in,проваливаться
cavern,"каверна, полость, провал"
cedar,кедр
cell,клетка
cement,цемент (горных пород)
grout,цементный раствор
chad,щебень
scree,щебень
chain,цепь
chalk,мел
changes,изменения
changes over time,изменения во времени
change of shore,переработка берега
channel,русло
bed,русло
streambed,русло
characteristic,характеристика
characterize,характеризовать
chemical combination,химическое соединение
chemical composition,химический состав
chemical protection,химическая защита
chemical-analytical research,химико-аналитические исследования
chert,кремень
chisel,долото
chloride-sodium,хлоридно-натриевый
chlorination,хлорирование
chronic poisoning,хроническое отравление
cinder,шлак
circulate,циркулировать
circumstance,обстоятельство
city-building,градостроительство
civil construction,гражданское строительство
classification index,классификационный показатель
classification tests,определение классификационных показателей
clastic rock,обломочная порода
clay,глина
cleaning out,"очищение, очистка"
clearance,зазор
clarification,"пояснение, уточнение"
cleavage,кливаж
cleft,расселина
cliff,обрыв
climate,климат
clinometer,"наклономер, инклинометр"
clints,кары
clogging,кольматация
incrustation,кольматация
cluster of piles,куст свай
coal,уголь
coarse,"крупный, грубый, шероховатый, крупнозернистый"
coarce,"крупный, грубый, шероховатый, крупнозернистый"
coarse clastic,грубообломочный
coarse detrital rock,грубообломочный
coast,побережье
coastal area,прибрежная (морская) территория
coast-protecting structure,берегоукрепительное сооружение
cobble,"булыжник, галька"
coefficient,коэффициент
coefficient of consolidation,коэффициент консолидации
"coefficient of friction, friction factor",коэффициент трения
coefficient of hydraulic conductivity,коэффициент водопроницаемости
coefficient of hydraulic transmissibility,коэффициент водопроводимости
coefficient of linear expansion,коэффициент линейного расширения
coefficient of relative subsidence,коэффициент относительной просадочности
coefficient of rock strength,коэффициент крепости
coefficient of subsurface water flow,коэффициент подземного стока
coefficient of thermal expansion,коэффициент теплового расширения
coefficient of uniformity,"коэффициент неоднородности, степень неоднородности"
coefficient of water storage,коэффициент водоотдачи
cofferdam,перемычка (водонепроницаемая крепь)
cohesion,сцепление
apparent cohesion,кажущееся сцепление
effective cohesion,эффективное сцепление
cohesionless (non-cohesive) soils,несвязные грунты
non-cohesive soils,несвязные грунты
cohesive soil,связный грунт
cold resistance,морозостойкость
cold sum,сумма отрицательных температур
collapse,обрушение
collapse sink,провал
collapsing soils,просадочные грунты
collector,коллектор
collection (gathering) of available data,сбор имеющихся данных
gathering of available data,сбор имеющихся данных
collector well,водосборный колодец
colloid,коллоид
colloidal state,коллоидное состояние
colloidal,коллоидный
colluvium,коллювий
colmatage,кольматаж
"color, colour",цвет
commissioning,ввод в действие
communication line,линия связи
communications,коммуникации
community,"общественность, поселение"
compaction,уплотнение
dynamic,динамическое
static,статическое
compacted,уплотненный
comparison,сравнение
compatibility (consistency),"совместимость, согласованность"
competent bed,компетентный слой
competitive (competing) sites,конкурентные (конкурирующие) площадки
compilation,составление
complete freezing,ледостав
complete monitoring program,полная программа мониторинга
completing,завершение
complex index,комплексный показатель
complex phosphates,фосфаты сложные
complex program,комплексная программа
complexity,сложность
compliance,"согласие, соответствие"
in compliance,в соответствии
components,компоненты
compose,составлять
composite sample,составная проба
composition,состав
composition and condition of soils,состав и состояние грунтов
comprehensive,"исчерпывающий, всесторонний"
comprehensive program,комплексная программа
compressed snow,наст
compressibility,сжимаемость (без возможности бокового расширения)
compression,сжатие
compressive strength,прочность на сжатие
compression index,"коэффициент сжимаемости, коэффициент компрессии"
compression test,"компрессионные испытания, испытания на сжатие"
drained,дренированное
undrained,недренированное
consolidated,консолидированное
unconsolidated,неконсолидированное
compressional wave,продольная волна
computation,расчет
concentration,концентрация
concrete,бетон
concrete dam,бетонная плотина
condensed,уплотненный
conductivity,проводимость
conductor pipe,направляющая труба (при бурении)
cone apex angle ,угол наконечника зонда
interior angle of cone,угол наконечника зонда
cone cross-sectional area,площадь поверхности конуса (при зондировании)
cone of depression,депрессионная воронка
cone of water-table depression,воронка депрессии
cone resistance,сопротивление внедрению конуса (наконечника зонда)
dynamic point resistance,сопротивление динамическому внедрению наконечника
confined ground water,напорные воды
confining layer,водоупор
confirm,подтверждать
confirmation stage,стадия изысканий на выбранной площадке (стадия подтверждения по нормам МАГАТЭ)
IAEA,стадия изысканий на выбранной площадке (стадия подтверждения по нормам МАГАТЭ)
congelation,"замерзание, застывание, затвердение"
conglomerate,конгломерат
"coniferous, needle-leaved",хвойный
conjunctive use,совместное использование
"connate water, relic water",реликтовая вода
connection,взаимосвязь
conservation,консервация
consequences,последствия
consequent,консеквентный
consistency,консистенция
consistency index,показатель консистенции
consolidation,консолидация
coefficient of consolidation,коэффициент консолидации
load consolidation curve,компрессионная кривая
consolidation,упрочнение
lithification,упрочнение
induration,упрочнение
strengthening,упрочнение
constant,"показатель, константа, постоянная величина"
constant rate of loading,равномерное приложение нагрузки
constitute hazards,представлять опасность
constraint,"защемление, ограничение"
consumer,потребитель
containment,защитная оболочка (реактора)
water pollution,загрязнение воды
soil pollution загрязнение почвы
population area pollution,загрязнение населенных мест
contemporary environmental conditions,современное состояние окружающей среды
continent,континент
continuous,непрерывный
continuous coring,непрерывный отбор керна
continuous sampling,непрерывный отбор проб
contour,контур
control,контроль
controlled,контролируемый
control work,увязка (геодезической сети)
convection,конвекция
converting,"преобразование, обращение, перевод из одной системы в другую"
cool down,охлаждать
cooling system,охлаждающая система;
cooling pool,охлаждающий бассейн (пруд-накопитель)
core,"ядро, керн"
core barrel,колонковая труба
core drilling,колонковое бурение
core recovery,выход керна
core extraction,выход керна
corer,грунтонос
coring bit,"бур, коронка, долото"
correction,корректировка
correlation,корреляция
correspond ,соответствовать
corrom,курум
corrosion,коррозия
corrosion activity,коррозионная активность
corrosivity,коррозионная способность
abutment,контрфорс
cover,покрывать
coverage,покрытие
creek,"ручей, протока, рукав"
crest,"гребень, вершина"
criterion,критерий
criteria,критерии
critical,критический
critical angle,критический (предельный) угол
critical state,критическое состояние
critical velocity,критическая скорость
crooked trees,саблевидные деревья
cross-hole shooting,межскважинное просвечивание
"cross section, profile",разрез (по линии)
transverse profile,поперечный профиль
crown fire,верховой пожар
crumpled zone,зона смятия
crushed stone,щебень
crust,"кора, наст"
cryogenesis,криогенез
cryogenic phenomena,криогенные явления
cryopeg,криопег
crystal,кристаллический
culture stratum,культурный слой
cumulative grain-size curve,кумулятивная кривая гранулометрического состава
curie,кюри (единица радиоактивности)
current,"течение, поток"
current changes,текущие изменения
current status of environment present-day,современное состояние окружающей среды
current meter,вертушка гидрологическая
curtain grouting,противофильтрационная завеса
cut-off wall,противофильтрационная стенка
curve,кривая
subsidence curve,кривая оседания
time-settlement curve,кривая осадки во времени
load-settlement curve,кривая осадки под нагрузкой
compression curve,кривая уплотнения
decompression curve,кривая разгрузки
curve,излучина (реки)
cut,выемка
cutting ring,режущее кольцо
cutting edge,режущее кольцо
cutting shoe,режущее кольцо
cycle,цикл
cyclic loading,циклическая нагрузка
cyclic tests,циклические испытания
cyclon,циклон
cylinder strength,прочность на одноосное сжатие
dam,"плотина, запруда"
dam core,ядро плотины
damage,повреждение
damage calculation,расчет ущерба
damp,влажный
dangerous,опасный
darcy,дарси (единица проницаемости)
dash,примесь
data bank,банк данных
data of previous years,материалы прошлых лет
database,база данных
data unit,датчик
dating,датировка
absolute dating,абсолютная датировка
debit,дебит
debris,"мусор, обломки"
debris flow,курум (каменный поток)
decomposition,разложение
deconsolidation,разуплотнение
decontamination,дезактивация
decontamination of surface,дезактивация поверхности
decontamination factor,коэффициент дезактивации
define,определять
definition,определение
degree,степень
degree of saturation,степень водонасыщения
deflation,развевание
deformability,деформируемость
deformation modulus,модуль деформации
plastic strain,пластическая деформация
degradation,деградация
delineate,"прочерчивать, прослеживать"
delivery duct,продуктопровод
delta,дельта
demography,демография
demping,затухание
denomination,наименование
density,плотность
density of mineral part (specific gravity),плотность частиц грунта
denudation,денудация
denudative plain,денудационная равнина
dependancy,зависимость
depletion,истощение
deployment,развертывание
deposits,отложения
deprecated,недопустимый
depression,"впадина, понижение, прогиб"
depth of foundation,глубина заложения фундамента
depth of frost penetration,глубина промерзания
freezing depth,глубина промерзания
descending,нисходящий
description,описание
desert,пустыня
desertification,опустынивание
desiccation,высыхание
design,проект
design basis accident,проектная авария
Design Basis Earthquake,проектное землетрясение
DBE,проектное землетрясение
design decisions,проектные решения
design soil property indicator,расчетный показатель
designate,назначать
"designation, indication",указание
desk study,предпроектные проработки
de-stressed zone,зона разгрузки (грунта)
destroy,разрушать
failure,разрушение
destruction,"уничтожение, разрушение"
waste destruction,уничтожение отходов
detachment,"отседание (отрыв, откалывание склона)"
detail,детализировать
detect,"обнаруживать, диагностировать"
detector,датчик
detecting device,датчик
deterioration,"разрушение, износ"
determine,определять
determination,определение
deterrent tax,плата за загрязнение среды
detoxication,детоксикация
detritus,детрит
dew,роса
dewatering,осушение
diagram,"диаграмма, график"
load consolidation diagram,график осадки
differential settlement,неравномерная осадка
degree of difficulty,степень сложности
dike,дайка
dike,"запруда, плотина"
diking,обвалование
dilatometer,дилатометр
dimensions,размеры
dip meter,уровнемер
dip-slip fault,сброс (тект.)
direct simple shear test,срез одноплоскостной
direction,направление
disaster,"катастрофа, бедствие"
disastrous flood,катастрофический паводок (наводнение)
discharge,"излияние, выброс жидкости, разгрузка (подземных вод)"
discharge area,область разгрузки
discharge zone,зона разгрузки (подземных вод)
ground water discharge,сток грунтовых вод
rate of ground water discharge,модуль подземного стока
discharge into water body,сброс (вещества в водный объект)
discharge section line,гидрометрический створ
discontinuity,разрыв сплошности
discordance,несогласие
discordant bedding,несогласное залегание
discrepancy,расхождение
divergence,расхождение
disease,заболевание
disinfection,обеззараживание
disjunctive,дизъюнктивный
dislocation,дислокация
dismantle,демонтировать
dispersion,"дисперсия, распространение"
dispersion halo,ореол рассеяния
displacement,"смещение, размещение"
surface displacement,смещение поверхности
dissolution,выщелачивание
dissolved,растворенный
dissolved oxygen,растворенный кислород
distance,расстояние
distinguish,отличать
distribution,распределение
stress distribution,распределение напряжения
distribution by age groups,распределение по возрастным группам
disturbance,нарушение
disturbed structure,нарушенная структура (проба)
ditch,"канава, траншея"
divergence,расхождение
diversify,"варьировать, диверсифицировать"
diversion canal,деривационный канал
diversion of run-off,переброска стока
dividing the soil column,расчленение разреза
subdivision of geological profile,расчленение разреза
dolomite,доломит
dome,"свод, купол"
domestic waste,бытовые отходы
dominant,преобладающий
dose,доза
dose meter,дозиметр
dosimetric,дозиметрический
double-tube swivel-type core barrels,двойная колонковая труба с неподвижной внутренней керноприемной трубой
downcut,врез
downstream pool,нижний бьеф
drain,дрена
drainage,дренаж
radial drainage,дренаж радиальный
drainage,осушение
drainage area,площадь водосбора
drainage pattern,рисунок речной сети
drainage system,"дренажная система, водоотвод"
drawdown of ground water level,понижение уровня подземных вод
dredger,драга
drift,"штрек, штольня"
drift bed,делювий (наносы)
drift ice,дрейфующий лед
drilling fluid,буровой раствор (промывочная жидкость)
drilling mud,буровой раствор (промывочная жидкость)
drilling platform,буровая платформа
drilling unit,буровая установка (вышка)
rig,буровая установка (вышка)
drive,приводить в движение
drive point,наконечник (зонда)
to drive in,проходить (скважину)
driving hammer,свайный молот
driving rod,забивной зонд
drizzle,морось
drop-fill,наброска
drop hammer,падающий молот
dross,шлак
«drunken» forest,пьяный лес
dry density,плотность сухого грунта
dump,"свалка, отвал"
dumping,опрокидывание
dune,дюна
duplication,дублирование
duration,"длительность, продолжительность"
dust,пыль
dusting,пыление
dye,краситель
dye tracking,окрашивание
dynamic ground water resources,динамические ресурсы подземных вод
dynamic level,динамический уровень
dynamic sounding,динамическое зондирование
dynamic probing test,динамическое зондирование
dynamic tests,динамические испытания
dynamics,динамика
dynamics of population,динамика населения
Earth crust movements,движения земной коры
earth-fill,насыпной грунт
earth fill dam,земляная плотина
earthflow,сель
earthquake,землетрясение
earthquake source,очаг (землетрясения)
earthquake sources zone,зона возникновения землетрясений (зона ВОЗ)
easily soluble salts,легко растворимые соли
"ebb, ebb-tide",отлив
eccentricity,эксцентриситет
echo sounder,эхолокатор
ecological,экологический
ecological well-being,экологическое благополучие
ecological feasibility,экологическое обоснование
ecosystem,экосистема
edge,край
edge stress,краевое давление
effective porosity,эффективная пористость
efficiency,эффективность
effective,эффективный
effective diameter,эффективный диаметр
efficient land use,рациональное использование земель
effusive,эффузивная порода
elaborate,"разрабатывать (документ, метод)"
elastic limit,предел упругости
elasticity,упругость
elastic constants,упругие константы
elastic heave,упругое разуплотнение
elastic limit,предел упругости
elastic modulus,модуль упругости
electric conductivity,электропроводность
electric prospecting,электроразведка
electric resistance,электросопротивление
apparent resistivity,кажущееся электросопротивление
electrical logging,электрокаротаж
electrical transmission line (power transmission line),линия электропередачи
electro-chemical method of rock consolidation,электрохимическое закрепление
electrode,электрод
electromagnetic,электромагнитный
electro-osmosis,электроосмос
elevation,"возвышение, высота"
elongation,"продление, растяжение, удлинение"
eluvium,элювий
residual deposits,элювий
residual soil,элювий
embacle,торос
embankment,"насыпь, набережная"
emergency,"авария, аварийный, экстренный, непредвиденный (случай, ситуация)"
emergency plan,план эвакуации; emergency planning zone,зона планирования мероприятий по обязательной эвакуации населения
emission,"эмиссия, выброс"
emission inventory,инвентаризация (выбросов)
emitter,излучатель
empirical,эмпирический
end moraine,конечная морена
endangered species,исчезающий вид
engineering ecological investigations,инженерно-экологические изыскания
engineering geodetic investigations,инженерно-геодезические изыскания
engineering geological investigations,инженерно-геологические изыскания
engineering-geological processes,инженерно-геологические процессы
engineering geology,инженерная геология
engineering hydrological and meteorological investigations,инженерно-гидрометеорологические изыскания
engineering protection,инженерная защита
engineering site investigations,инженерные изыскания на площадке
enhance,"усиливать, увеличивать"
ensure,обеспечивать
enterprise,предприятие
entrails,недра
entry into force,ввод в действие
environment,окружающая (природная) среда
environment parameter,параметр окружающей среды
environmental components,компоненты окружающей среды
environmental impact,воздействие на окружающую среду
environmental restoration,восстановление окружающей среды
eolian deposits,эоловые отложения
eolian topography,эоловые формы рельефа
ephemeral stream,временный водоток
epicenter,эпицентр
epidemiological research,эпидемиологические исследования
epidemiological hygiene research,санитарно-эпидемиологические исследования
epigenesis,эпигенез
equipment,"оборудование, аппаратура"
equipment installation,установка аппаратуры
equipotential lines,эквипотенциальные линии
equivalent,эквивалентный
gamma equivalent dose,эквивалентная доза гамма излучения
erosion,эрозия
linear erosion,линейная
surface erosion,плоскостная
erosion base level,базис эрозии
erosion rate,скорость эрозии
eruption,"извержение, выброс"
establish,устанавливать
estimation,"оценка, расчет"
estuary,эстуарий
eutrophication,эвтрофикация
evacuation,эвакуация
evaluation,оценка
evaporation,испарение
evaporation residue,сухой остаток
evidence,свидетельство
excavation,котлован
excavation works,земляные работы
excess,избыточный
excess excavation,перебор грунта (в котловане)
excess pore-water pressure,избыточное поровое давление
"exclusion area, exclusion zone",запретная зона
exhaust smoke,"выхлоп, выпуск (отработанных газов)"
"expansion, extension",расширение
explanation,условные обозначения
explication,условные обозначения
explosion,взрыв
explosive substance,взрывчатое вещество
exaration,экзарация
glacial erosion,экзарация
exogenic,экзогенный процесс
exogenous process,экзогенный процесс
expansion,"расширение, подъем, пучение (вспучивание)"
expertise (expert examination),экспертиза
state expert examination of design,государственная экспертиза проекта
exploitation peculiarities,особенности эксплуатации
extansion,растяжение
tension,растяжение
elongation,растяжение
stretching,растяжение
extending,"распространение, растяжение, удлинение"
extent,протяженность
extract,извлекать
extreme conditions,экстремальные условия
extrusion,выдавливание
extrusive rock,эффузивная порода
facies,фация
facility,"сооружение (предприятие, оборудование, приспособление)"
industrial facility,промышленное предприятие
water and waste water facilities,водоснабжение и канализация
factor,"фактор, коэффициент"
factor analysis,факторный анализ
factor of safety,коэффициент устойчивости (склона)
safety factor of stability,коэффициент запаса устойчивости (прочности)
failure,"разрушение, обрушение"
falling,"падение, вырубка"
fallout,выпадение
fatigue,усталость материала
fault,"разлом, разрыв"
fracture,"разлом, разрыв"
rupture,"разлом, разрыв"
auxiliary fracture,оперяющий разлом
fault displacement,смещение по разлому
fauna,фауна
feasibility,"выполнимость, осуществимость"
fence,ограда
fertile soils,плодородные почвы
fertillizer,удобрение
field,поле
field plotting,картирование
field sketching,глазомерная съемка
field tests,полевые испытания
field works,полевые работы
fill ground,насыпной грунт
filling layer,насыпной слой
filtration,фильтрация
filtration properties,фильтрационные свойства
filtration rate,скорость фильтрации
strainer,фильтр
well screen,фильтр
inverted filter,обратный фильтр
fine,мелкий
fine grained,мелкозернистый
fir,"пихта, ель"
fireproof,противопожарный
first arrival,первое вступление (сейсмической волны)
fish pass,рыбопропускное устройство
fission,расщепление
fissure,трещина
fixed,фиксированный
fixing of geodetic points,закрепление геодезических знаков
fixing of slopes,"закрепление склонов, откосов"
fixing on the terrain,закрепление на местности
flaking roof,"осыпание, обрушение кровли"
flaking,"осыпание, обрушение"
flammable substance,"горючее, легко воспламеняющееся вещество"
flank of a fold,крыло складки
flattening,выполаживание
flexible,гибкий
flexure,флексура
flight,полет
flint,кремень
flood,"паводок, наводнение, затопление"
flooding,"паводок, наводнение, затопление"
"floodland, floodplain",пойма
floor of seam,подошва пласта
flora,"флора, растительность"
flow,"поток, течь, течение"
flowmeter,расходомер
flow slide,оползень течения
fluctuation,"флуктуация, колебание, качание"
"fluidity, flow",текучесть
fluvioglacial deposits,флювиогляциальные отложения
flying objects,летающие объекты
flying sands,эоловые пески
"flyshc, flysh",флиш
fold,складка
inclined,наклонная
isoclinal,изоклинальная
linear,линейная
lying,лежачая
oblique,"косая, наклонная"
overturned,опрокинутая
fold axis,ось складки
folding,складчатость
food,продовольствие
footing,фундамент
footprint of the foundation,подошва фундамента
force,сила
horizontal force,горизонтальное
tangential force,касательное
normal force,нормальное
forecast,прогноз
лесополоса,forest belt
reforestation,лесовозобновление
forest use,лесопользование
formation,"формирование, формация"
geological formation,геологическая формация
fossil,"ископаемое, окаменелость"
fossil remains,ископаемые остатки
foundation,основание
foundation,фундамент
footing,фундамент
basement,фундамент
block-foundation,блочный
caisson,кессонный
floating (buoyant) foundation,плавающий
ring,кольцевой
raft foundation,сплошная плита
slab,плита
strip foundation,ленточный
tanking foundation,ростверковый
pier footing,столбчатый
fraction,фракция
fracture,"разрыв, разлом, трещина"
"fragility, brittleness",хрупкость
brittle failure,хрупкое разрушение
fragmental rock,обломочная порода
frazil ice,шуга
free surface aquifer,безнапорный водоносный горизонт
freeze,замораживать
freeze through,промерзать
freezing,замерзание
frequency,частота
occurrence frequency,"частота возникновения (события, явления)"
friction,трение
friction pendulum bearings,маятниковые опоры
fringe,кайма
frontal and lateral resistance,лобовое и боковое сопротивление
frost,"мороз, замораживать"
frost heaving force,сила морозного пучения
frost resistance,морозостойкость
frost upheaval,морозное пучение
"frost blister, frost heave, frost mound",бугор пучения
frost texture,криогенная текстура
frost-thawing test,испытания на морозостойкость
frozen soils,мерзлые грунты
fuel,топливо
fulfill investigations,выполнять изыскания (исследования)
fume,"дым, промышленный газ"
fungus,"грибок, плесень"
funnel,воронка
fur,ель
gab,долото
gabbro,габбро
gal,Гал (гравиметр. ед. ускорения)
gale,"штормовой ветер, буря"
gamma,гамма
gamma-activity,гамма активность
gamma-ray log (logging),гамма-каротаж
gamma-gamma (density) log,гамма-гамма каротаж
gamma spectrometry analysis,гамма спектрометрический анализ
gap,"пропуск, перерыв, интервал"
garbage,"мусор, отбросы"
garbage heap,свалка
gas emanation survey,эманационная съемка
gas-geochemical research,газово-геохимические исследования
gas saturated soils (rocks),газонасыщенные породы
gauge,"датчик, прибор"
Gauss-Kruger projection,проекция Гаусса-Крюгера
gedding,бурение шпуров
genetic,генетический
general map,обзорная карта
general layout,генеральный план
generalized constant,обобщенный показатель
geochemical barrier,геохимический барьер
geocryological process,геокриологический процесс
geodetic basis,геодезическая основа
geodetic marks setting,установка геодезических знаков
geodesy,геодезия
geodetic,геодезический
geodetic tie,геодезическая привязка
georeferencing,геодезическая привязка
geodynamics,геодинамика
geodynamic research,геодинамические исследования
geodynamic polygon,геодинамический полигон
geological conditions,геологические условия
geologic-genetical,геолого-генетический
geological medium,геологическая среда
geological engineering element,инженерно-геологический элемент
geological radar,георадар
geological-physical phenomena,физико-геологические явления
geological structure,геологическое строение
geology,геология
geomorphology,геоморфология
geophysics,геофизика
geotechnical investigation,геотехнические изыскания
geotechnics,геотехника
geotechnique,геотехника
geotechnology,геотехника
glacial advance,наступание ледника
glacial through,троговая долина
glacier,ледник
glacier  deposits,ледниковые отложения
glacier-cover,континентальный ледниковый покров
active glacier,подвижный ледник
glacial erosion,экзарация
glacierization,оледенение
glaciology,гляциология
Global Positioning System,глобальная система позиционирования
GPS,глобальная система позиционирования
global process,глобальный процесс
gorge,"ущелье, овраг"
gouge,глинка трения
graben,грабен
grab sample,точечная проба
gradient,градиент
hydraulic gradient,гидравлический градиент
gradienter,нивелир
grading,планировка
grain size distribution (grain size of soil),гранулометрический состав
granite,гранит
granule,гранула
granular,гранулированный
graph,график
graphic and table appendix,графические и табличные приложения
grapple,закреплять анкером
grass,трава
grate,решетка (грохот)
gravel,гравий
grail,гравий
gravelly,гравелистый
gravimeter,гравиметр
gravitation,гравитация
gravitation mass movement,гравитационное смещение
gravity based structures,гравитационные сооружения
gravity dam,гравитационная плотина
gravity measurements,гравиметрические измерения
greenhouse effect,парниковый эффект
grid,"сетка, сетка координат"
grit,песок крупный
ground preparation works,инженерная подготовка территории
ground response spectra,спектр реакции грунтов
ground solidification,"мелиорация, закрепление грунтов (в основании сооружений)"
ground water,"грунтовые, подземные воды"
ground water budget,баланс подземных вод
ground water devide,водораздел подземных вод
ground water flow,поток грунтовых вод
ground water level,зеркало грунтовых вод
groundwater source,водоисточник
discharge,водоисточник
grout,цементный раствор
grouting,"цементация, цементирование"
cementation,"цементация, цементирование"
cement-soil stabilization,"цементация, цементирование"
contact grouting,сплошное цементирование
grout curtain,цементная завеса
guide tube,обсадная труба
gully,овраг
gypsum,гипс
habitat,среда обитания
hail,град
half-life period,период полураспада
half-rock,полускальная порода (грунт)
half space,полупространство
halo,ореол
halocline,галоклин
haloids,галоиды
hammer,"молот, молоток"
hand auger,ручной бур (шнековый)
hand drilling,ручное бурение
hang,висеть
hanging glacier,висячий ледник
hanging valley,висячая долина
hardness,твердость
harmless,безвредный
harsh,"суровый, жесткий, шероховатый"
hassock,"песчаник мягкий, туф"
hazard,опасность
hazardous,опасный
haze,дымка
hazel,песчаник сланцеватый
head,напор
head water,подпор
head water level,подпорный уровень
heap,отвал
heat capacity,теплоемкость
heat conductivity coefficient,коэффициент теплопроводности
heat exchange,теплообмен
heat supply,теплоснабжение
heating,отопление
heaving,пучение (вспучивание)
heavings,пучины (на дорогах)
heavy metals,тяжелые металлы
heights above sea level,высота над уровнем моря
herbicide,гербицид
heterogeneity,неоднородность
hiatus,перерыв (в осадконакоплении)
high plateau,плоскогорье
high resolution,высокое разрешение
high sensitivity equipment,высокочувствительное оборудование
high water,"паводок, наводнение"
high water mark,отметка уровня высоких вод
higher river,надпойменная (терраса)
highest flood-meter level,наивысший горизонт паводка
highest possible tide,максимальная высота прилива
hindcase,предыстория
hindering,ограничение
hill,холм
hillock,"бугор, холмик"
hillside,косогор
hirst,отмель
historical-cultural heritage,историко-культурное наследие
hoar,иней
Holocene,голоцен
homogeneous,однородный
horizontal movement (displacement),горизонтальное смещение
horst,горст
hose,шланг
hose-cable,шланг
human activity,деятельность человека
humidity,влажность
"humid, wet",влажный
hummock,"бугор, холмик"
mound,"бугор, холмик"
humus,гумус
humic bed,гумусовый слой
hurricane,"ураган, шторм"
hurricane tide,штормовой нагон
hydration,гидратация
hydraulic,гидравлический
hydraulic engineering,гидротехника
hydraulic fill method,намыв
hydraulic structures,гидротехнические сооружения
hydrochemical regime,гидрохимический режим
hydrochloric acid extract,солянокислая вытяжка
hydrodynamics,гидродинамика
hydrodynamic,гидродинамический
hydroelectric plant,гидроэлектростанция
hydrogen ion concentration,концентрация водородных ионов (pH)
hydrogeology,гидрогеология
hydrograph,гидрограф
hydrographic network,гидрографическая сеть
гидрография,hydrography
hydroisohypses,гидроизогипсы
hydroisopiezes,гидроизопьезы
hydrolaccolith,бугор пучения
hydrological year,гидрологический год
hydrology,гидрология
hydrological station,гидрологическая станция
hydrometeorology,гидрометеорология
hydrometrical works,гидрометрические работы
hydropower engineering,гидроэнергетика
hygroscopic agent,гигроскопический реагент
hydrosphere,гидросфера
hydrostatic head,"гидростатический напор, высота подпора"
hygienic,гигиенический
hypocenter,гипоцентр (землетрясения)
focus (of an earthquake),гипоцентр (землетрясения)
ice,лед
ice content,льдистость
ice conditions (regime),ледовый режим
ice bedding,ледяной прослой
ice body,наледь
ice mound,наледь
ice gouge,шуга
ice sheet,ледниковый покров (материковый)
iceberg,айсберг
iced fern,изморозь
ice drift,ледоход
ice gang,ледоход
"ice gorge, ice jam, ice dam",зажор (ледяной затор)
Iceproof Stationary Platform,льдоустойчивая стационарная платформа
ISP,льдоустойчивая стационарная платформа
identification,"выделение, выявление, идентификация"
identifying,"выделение, выявление, идентификация"
ignition,"зажигание, воспламенение, возгорание"
"image, imagery",изображение
impervious,водонепроницаемый
impervious stratum,водоупор
impermeable bed,водоупор
implement,"выполнять, создавать"
implement investigations,выполнять (проводить) изыскания
immunity,иммунитет
impermeable,непроницаемый
impervious,непроницаемый
improvement,улучшение
impurity,примесь
inadmissible,недопустимый
"incineration, ignition, burning",сжигание
incline,"уклон, наклон, падение (пласта)"
inclination,"уклон, наклон, падение (пласта)"
inclinometer,инклинометр
inclusion,включение
incoherent,"несвязный, несцементированный"
incomplete compacted soil,недоуплотненный грунт
incomplete well,несовершенная скважина
inconciderable,незначительный
index,"индекс, коэффициент, показатель"
indicate,указывать
indicator,индикатор
indirect,косвенный
individual,единичный
unique index,единичный показатель
induced polarization,вызванная поляризация
induration,"упрочнение, затвердение"
industrial and civil building,промышленное и гражданское строительство
industrial and domestic waste,промышленные и бытовые отходы
industrial emission,промышленный выброс
industrial site,промплощадка
industrial waste utilization,утилизация промышленных отходов
industrial waste water,промстоки
infection background,инфекционный фон
infiltration,инфильтрация
infiltration test,"нагнетание, налив"
inflow,приток (воды)
influence,"воздействие, влияние"
infra-red,инфракрасный
infrastructure,инфраструктура
ingression,морская трансгрессия
inherited structure,унаследованная структура
injection,инъекция
grouting,инъекция
injury,"ущерб, повреждение"
inland sea,внутреннее море
inland and water ecosystems,наземные и водные экосистемы
inoculation,заражение (загрязнение среды биологическим агентом)
inrush,прорыв
insecticide,инсектицид
insequent,инсеквентный
insignificant,незначительный
in-situ tests,полевые испытания
inspection,надзор
installation,"здание, сооружение"
construction,"здание, сооружение"
structure,"здание, сооружение"
installation,"возведение, сооружение, монтаж"
instantaneous strain,мгновенная деформация
instrumentally recorded earthquake,инструментально зарегистрированное землетрясение
insular permafrost,островная мерзлота
insulate,утеплять
insurance,обеспечение
intact tectonic block,целиковый тектонический блок
integrated,комплексный
integrated utilization,комплексное использование
intensity of earthquake,интенсивность землетрясения
interaction,взаимодействие
interaction zone,зона взаимодействия
interbed,прослой
interglacial,межледниковье
interior angle of cone,угол наконечника зонда
interior massif,срединный массив
intermediate,промежуточный
intermittent,перемежающиеся
internal friction,внутреннее трение
interpolation,интерполяция
interpretation,"интерпретация, дешифрирование"
intersect,пересекать
intersected country,пересеченная местность
intrapermafrost water,межмерзлотные воды
intrusive rock,интрузивная порода
inundate,затоплять
inundation,"затопление, паводок"
inversion,инверсия
inverted filter,обратный фильтр
investigations,изыскания
research,изыскания
investigation area,"область, площадь исследований"
investment project,инвестиционный проект
inwashed soil,намытый (намывной) грунт
ion,ион
irradiation,облучение
irretrievable water consumption,безвозвратное водопотребление
irreversible change,необратимое изменение
irrigation,орошение
isle,остров
isobath,изобата
isohypse,изогипса
isolated,"отдельный, единичный"
iso-pachous lines,изопахиты
isopachytes,изопахиты
isoseist,изосейста
isoseismal line,изосейста
isoseismic contour,изосейста
isostasy,изостазия
isotherms,изотермы
isotopes,изотопы
isotropic,изотропный
jack,домкрат
joint,"трещина, шов; parting joints",трещины отдельности
construction joint,конструктивный шов
expansion joint,температурный шов
stress-relieving joint,шов для снятия напряжения
joint diagram,диаграмма трещиноватости
joint emptiness,раскрытие трещин
joint-rose,роза (диаграмма) трещиноватости
joint set,система трещин
jointing,трещиноватость
fracturing,трещиноватость
fissuring,трещиноватость
blind jointing,скрытая трещиноватость
bedding jointing,трещиноватость напластования
justifying,обоснование
juvenile water,ископаемые воды
"kars, clints",кары
karst,карст
palaeo-karst,древний
gypsum,гипсовый
carbonate,карбонатный
naked,открытый
covered,скрытый
karstificated rocks,закарстованные породы
kettle,"котловина, мульда"
kinematic wave,кинематическая волна
kinetic energy,кинетическая энергия
Krasowski ellipsoid,эллипсоид Красовского (геодез.)
laboratory,лаборатория
lag time,время добегания
lagoon,лагуна
lahar,лахар
laida,лайда (полоса осушки)
lake,озеро
laminar flow,ламинарное течение
land,земля
land facet,таксономическая единица (при районировании местности)
landfall point,береговое примыкание
landfill,насыпной грунт
earth-fill,насыпной грунт
filling layer,насыпной грунт
fill ground,насыпной грунт
landform,форма рельефа
landmark,ориентир
land reclamation,мелиорация земель
land recultivation,рекультивация земель
landscape,ландшафт
landscape load,нагрузка на ландшафт
landslide,оползень
asequential,асеквентный
consequent,консеквентный
insequent,инсеквентный
block slip,оползень блоковый
flow slide,оползень течения
rock slip,оползень в скальных породах
subaqueous slide,оползень подводный
landslide prevention works,противооползневые мероприятия
land system,районирование (как результат)
"land use, land-tenure",землепользование
larch,лиственница
large-scaled map,крупномасштабная карта
laser,лазер
laser scanning,лазерное сканирование
"latent, concealed",скрытый
lateral friction,боковое трение
lateral pressure,боковое (горизонтальное) давление
lateral compression,боковое (горизонтальное) давление
lateral resistance,боковое сопротивление
laterite,латерит
latest motions,новейшие движения
latitude,широта
launch,"запуск, начало процесса"
layer,пласт
layer,слой
layout,"вынос в натуру, разметка"
leaching,выщелачивание
lead,свинец
leakage,"утечка, подток"
seepage,"утечка, подток"
lean,наклон
legend,легенда
simbols,легенда (условные обозначения)
lens,линза
lethal,летальный
lethal concentration,летальная концентрация leveling instrument (box),нивелир
level,уровень
water level,уровень воды
ground water level,уровень подземных вод;
mean water level,средний уровень воды
alarm level,опасный уровень
level indicator,индикатор уровня
level gauge,"уровенный пост, репер"
leveling,нивелирование
national leveling network,национальная нивелирная сеть
leveling traverse,нивелирный ход
levelling,планировка
licence,лицензия
licencing,лицензирование
lightning,молния
Light Technical Equipment,легкий пробоотборник
LTE,легкий пробоотборник
LTE-sampling,легкий пробоотборник
likelihood,вероятность
limestone,известняк
limitation,ограничение
limiting factor,лимитирующий фактор
limiting index,лимитирующий признак
limit state design,расчет по предельным состояниям
line of cross section,линия разреза
linear structures,линейные сооружения
liquefaction,разжижение
liquid,жидкость
liquid decontamination of surface,жидкостная дезактивация поверхности
liquid limit,верхний предел пластичности (влажность на пределе текучести)
liquid state,жидкое состояние
liquid wastes,жидкие отходы
liquidity index,показатель текучести
listing,"ведомость, перечень"
lithification,"литификация, упрочнение"
lithified,литифицированный
lithodynamics,литодинамика
lithogeneous,литогенетический
lithology,литология
littoral zone,литоральная зона
living standard,жизненный уровень
load,нагрузка
load increment in steps,нагрузка ступенями
load and resistance factor design,расчет по несущей способности
load of a river,твердый сток
bed load,твердый сток
load plate settling,осадка (штампа)
load settlement chart,график осадки
load transmitted stepwise,нагрузка ступенями
loading plate,штамп
static loading plate test,штамповые испытания
loam,суглинок
lean clay,суглинок
local,местный
local residents,местные жители
localization,локализация
location,местоположение
loess,лесс; loessial soil,лессовидная порода
log,каротаж
logging,каротаж
sounding,каротаж
logging,зондирование
lognormal distribution,логнормальное распределение
longitudinal (profile),продольный (профиль)
longitudinal wave,продольная волна
long-term forecast,долгосрочный прогноз
long-term settlement,долговременная осадка
loose soil,"рыхлый (несвязный), сыпучий грунт"
cohesionless soil,"рыхлый (несвязный), сыпучий грунт"
losing streams,питающие водотоки
loss on ignition,потеря при прокаливании
Love wave,волна Лява
Q-wave,волна Лява
low country,низменность
lowland,"низменность, низина"
low tide,отлив
low water,межень
low-water level,межень
lowering of ground water level,понижение уровня подземных вод
lowest water level,наинизший уровень воды
Lowest Astronomical Tide,наинизший уровень при отливе
LAT,наинизший уровень при отливе
lubricant,смазочный материал
lugeon,"люжон (единица водопроницаемости скальных пород; 1 Люжон равен расходу 1 л/с при давлении 1 МПа, поддерживаемому в течение 10 мин)"
L-waves,длинные волны
lysimeter,лизиметр
magmatic,магматические
magnetic anomaly,магнитная аномалия
magnetic prospecting,магниторазведка
magnetometer,магнитометр
magnitude,магнитуда
maintenance,поддержка
man-caused,техногенный
human-induced,техногенный
man-made,антропогенный
human made,антропогенный
manned spacecraft,пилотируемый космический корабль
manometer,манометр
map,карта
mapping,картирование
section maps,карты-срезы
subsurface maps,карты-срезы
actual material map,карта фактического материала
survey review map,карта изученности
marine deposits,морские отложения
"marker, datum mark","репер, марка"
marl,мергель
mass,масса
mass-spectrometer,масс-спектрометр
Maximum Calculated Earthquake (MCE),максимальное расчетное землетрясение (МРЗ)
maximum molecular water absorbing capacity,максимальная молекулярная влагоемкость
Maximum Acceptable Concentration (MAC value),предельно допустимая концентрация
meadow,"луг, поляна"
mean value,среднее значение; mean year value,среднегодовое значение
mean monthly value,среднемесячное значение
mean daily value,среднесуточное значение
Mean Sea Level (MSL),средний уровень моря
meandering,меандрирование
measurement,измерение
measuring devise,измерительная аппаратура
medical-biological research,медико-биологические исследования
medium grained,среднезернистый
medium reaction spectra,спектр реакции грунтов (среды)
melioration,мелиорация
mellow,мягкий
melting,оттаивание
mere,озеро
metabolism,метаболизм
metamorphism,метаморфизм
metamorphic,метаморфические
meteorology,метеорология
meteorological,метеорологический
meteorological station,метеостанция
reference meteorological station,опорная метеостанция
methane,метан
metrological,метрологическое
metrological support,метрологическое обеспечение
micropenetration,микропенетрация
microshift,микросмещение
microrelief,микрорельеф
microseisms,микросейсмы
micro-shifts,микросмещения
migration,миграция
military object,военный объект
military facility,военный объект
mine,шахта
mineral recources,минеральные ресурсы (полезные ископаемые)
mineral water,минеральные воды
mineral water storage,месторождение минеральных вод
mineral wealth,минеральные богатства
mineralization,минерализация
mineralogy,минералогия
minimum flow,минимальный сток
mining,горные разработки
mining subsidence,оседание поверхности над горными выработками
misclosure,невязка (геодез.)
mis-tie,невязка (геодез.)
"mist, fog","туман, дымка"
mitigation,смягчение
mizzle,морось
model,модель
modeling,моделирование
modified method,модифицированный метод
modify,"модифицировать, варьировать"
modulus of elasticity,модуль упругой деформации
modulus of settlement,модуль осадки
Mohr’s stress diagram,круг Мора
Mohr circle,круг Мора
moist,влажный
moisture (water content),влажность
initial,начальная
primary,начальная
natural water content,влажность природная
optimum,оптимальная
saturation water content,влажность при водонасыщении
moisture yield,водоотдача
monitoring,мониторинг
monolith,монолит
monsoon,муссон
moraine,морена
morphology,морфология
mountain,гора
moss,мох
mouth,устье (покрываемое приливом)
issue,устье (покрываемое приливом)
estuary,устье (покрываемое приливом)
movement,"смещение, движение, подвижка"
muck,"перегной, навоз"
mud,"ил, грязь, шлам"
mud clayey,ил глинистый
mud collector,шламохранилище
mud filling,заиление
silting,заиление
mudflow,сель
mud-rock flow,сель
earthflow,сель
mud stream,"грязевой поток, сель"
mud volcano,грязевой вулкан
multi-beam sonar,многолучевой локатор
multi-component system,многокомпонентная система
multiple correlation (regression),множественная корреляция (регрессия)
multipurpose utilization,комплексное использование
integrated utilization,комплексное использование
multi-stage design system,многостадийное проектирование
multi-stage test,многоступенчатая схема испытаний
municipal,муниципальный
mushroom,гриб
mylonite,милонит
naked peak,голец
nappe,покров
national park,национальный парк
natural,природный
natural angle of slope ,угол естественного откоса
angle of repose,угол естественного откоса
natural calamity,стихийное бедствие
natural disaster,стихийное бедствие
natural conditions,естественные условия
in natural setting,в естественном залегании
natural electrical field detection,метод естественного поля
natural monument,памятник природы
natural protection of groundwater,естественная защищенность подземных вод
navigation,навигация
navigation charts,навигационные карты
navigation manuals,навигационные справочники
navigation pass,судопропускное сооружение
neap tide,"квадратурный прилив, отлив"
negative skin friction,отрицательное трение
Neogene,неоген
neotectonic,неотектонический
neotectonics,неотектоника
net,сеть
geodetic net,геодезическая сеть
national geodetic network,национальная геодезическая сеть
neutron log,нейтронный каротаж
newest sediments,новейшие осадки
nitrates,нитраты
nitrogen,азот; nitrogenous,азотный
noise,шум; noise pollution,шумовое загрязнение
nomenclature of map sheets,номенклатура листов карты
nomograph,номограмма
non-cohesive soils,несвязные грунты
nonwaste technology,безотходная технология
normal distribution,нормальное распределение
normative insurance,нормативное обеспечение
normative regulations (standards),"нормы, нормативные документы"
Nuclear Power Plant,атомная электростанция (АЭС)
NPP,атомная электростанция (АЭС)
nuclear winter,ядерная зима
nucleus,ядро
numbers,численность
numerosity,численность
nutrition,питание
oak,дуб
oblique aerial photograph,перспективный аэрофотоснимок
observation,наблюдение
observation point,точка (пункт) наблюдения
occur,залегать
occurrence,залегание
ocean,океан
oceanography,океанография
oceanology,океанология
odometer,курвиметр
oedometer,одометр
oedometric test,одометрические испытания
offset,смещение
offshore petroleum facilities,морские нефтяные комплексы
off-site installations,внеплощадочные сооружения
oil,нефть
oil-spot,нефтяное пятно
oil pumping station,нефтеперекачивающая станция
oil storage tank,нефтяная цистерна (нефтехранилище)
one-crop system,монокультура
one-dimensional consolidation,одноосное сжатие (одометрические испытания)
on-line analysis,непрерывный анализ
onset,"начало процесса, запуск"
optimal location (position),оптимальное размещение
ordinary tide,"средний прилив, отлив"
ore,руда
ore minerals,рудные минералы
organic content,содержание органического вещества
organic matter content,содержание органического вещества
organic-mineral (soil),органо-минеральный (грунт)
organic remnants,органические остатки
orientation,"ориентировка, ориентация"
orographic,орографический
oscillation,"волновое колебание, пульсация, вибрация"
overburden,перегрузка
overburden pressure,бытовое давление
effective pressure,бытовое давление
overburden effective pressure,бытовое давление
over-consolidation,переуплотнение
overdeeping of valley,переуглубление долины
overflow,водосброс
overload,перегрузка
overlying strata,перекрывающие слои
overstress,перенапряжение
overthrust,шарьяж
overthrust nappe,шарьяж
overturning,опрокидывание
outburst,прорыв
outcrop,обнажение
output,"выход, дебит"
ox-bow,"старица, заводь"
oxidation,окисление
oxidation-reduction potential,окислительно-восстановительный потенциал
oxygen,кислород
dissolved oxygen,растворенный кислород
oxygen deficit,дефицит кислорода
ozone,озон
packer,тампон
plug,тампон
sealing of borehole,тампонаж скважины
palaeo,древний
paleoseismology,палеосейсмология
paleovalley,палеодолина
particle,частица
particle-size distribution curve,гранулометрическая кривая
path,путь
pavement,"покрытие, мостовая"
pavement design,конструкция покрытия
pearl spar,доломит
dolomite,доломит
peat,торф
turf,торф
peat-land,торфяник
peat bog,торфяник
pebble,галька
peculiarity,особенность
peg,"пикет, колышек, шпилька"
peneplain,"пенеплен, поверхность выравнивания"
penetration test,пенетрация
penetrometer,пенетрометр
perched ground water,верховодка
percolating,просачивание percolation,просачивание
percussion drilling,ударное бурение
cable-tool drilling,ударное бурение
percussion piston soil tube,ударно-поршневая грунтовая трубка (донный пробоотборник)
perennial stream,постоянный водоток
perform investigations,выполнять (проводить) изыскания
permafrost,многолетняя мерзлота
permanent population,постоянно проживающее население
permeable,проницаемый
permeability,водопроницаемость
impermeable bed,водонепроницаемый слой (водоупор)
permeability coefficient,коэффициент фильтрации
permeameter,фильтрационный прибор
permissible load,допустимая нагрузка
allowable load,допустимая нагрузка
allowable pressure,допустимая нагрузка
pervious,проницаемый (в скальных породах)
pest,вредители
pesticide,пестицид
petrography,петрография
photogrammetry,фотограмметрия
photosynthesis,фотосинтез
photo-theodolite,фототеодолит
phenomenon,явление
phenomena,явления
phreatic (free) surface,свободная поверхность
physical-mechanical properties,физико-механические свойства
physical-geographical conditions,физико-географические условия
phytopathogene,фитопатоген
phytoplankton,фитопланктон
piedmont,предгорье
pier,причал
piezocone penetrometer,пьезоконический пенетрометр
Piezocone Penetration Test,статическое зондирование пьезоконическим пенетрометром
PCPT,статическое зондирование пьезоконическим пенетрометром
piezometer,пьезометр
piezometric head,пьезометрический напор
piezometric surface,пьезометрическая поверхность
pickle,рассол
pile,свая
drilled pile,буровая
driven pile,забивная
driven and cast-in-place,забивная и набивная
end-bearing pile,свая-стойка
friction pile,свая трения
grouted pile,буронабивная бетонная
inclined (batter) pile,наклонная
preliminary pile,пробная
reinforced concrete pile,железобетонная
screw pile,винтовая
suspended pile,висячая
test pile,опытная
vibro-pile,вибросвая
pile driving,забивка свай
piling hammer,свайный молот
piling helmet,свайный оголовок
pileup,"нагон, скопление"
pine,сосна
pinger,излучатель
pipeline,трубопровод
piston sampler,поршневой грунтонос
pit,шурф
plain,равнина
plan,план
a view in plan,в плане
plane,"поверхность, плоскость"
plane of leveling,поверхность выравнивания
plane of sliding,плоскость сдвига
plant,"растение, завод, фабрика"
plant disease,болезни растений
plant engineering,эксплуатационно-техническая служба
plant infestation,заражение растений
planting,озеленение
plastic limit,нижний предел пластичности (влажность на пределе раскатывания)
plasticity,пластичность
plasticity index,число пластичности
plate,плита
plate bearing test,испытания штампом
load bearing test,испытания штампом
plateau,плато
plot,"график, чертеж, план"
plotting,"съемка, картирование"
pneumatic,пневматический
poaching,браконьерство
podsolic soil,подзолистая почва
point,"точка, пункт"
point of geodetic survey basis,пункт съемочного обоснования
Poisson`s ratio,коэффициент Пуассона (коэффициент поперечного расширения)
pole,"рейка, вешка, столб"
polje,полье
pollutant,загрязняющее вещество
pollution,загрязнение
polygon,полигон
pond,"пруд, водоём"
ponding of ground water,подпор грунтовых вод
population,"население, популяция"
population density,плотность населения
population distribution,распределение населения
population growth rate,скорость роста населения
pore,поры
pore air,поровый воздух
pore water,поровая вода
pore pressure,поровое давление
porewater pressure,поровое давление
porosity,пористость
position,залегание
position of rocks,условия залегания пород
potash salts,калийные соли
potential,потенциал
potential location,потенциальное место размещения
power supply,электроснабжение
precede,предварять
precipitations,осадки атмосферные
precise definition,точное определение
precompression,предварительное уплотнение
preconsolidation,предварительное уплотнение
predicted,"предсказанный, спрогнозированный"
prediction,прогноз
predominate,преобладать
prefer,предпочитать
preferably,предпочтительно
preferred,предпочтительный
preliminary,предварительный
preliminary technical conditions of construction,предпроектные проработки
preparation,подготовка
pre-Quaternary deposits,дочетвертичные отложения
prescribe,предписывать
presence,"наличие, присутствие"
presentation,представление (результатов)
present-day environmental conditions,современное состояние окружающей среды
preserve,"заказник, заповедник"
pressing,прессование
pressure,давление
axial pressure,осевое давление
contact pressure,давление по подошве фундамента
pressure bulb,эпюра («луковица») напряжений
pressure filtration,напорная фильтрация
pressure head,пьезометрический напор
pressure meter,прессиометр
pressure water,напорные воды
prevail,преобладать
prevailing,преобладающий
preventive measures,профилактические меры
previous stages,предыдущие (предшествующие) стадии
presumed value,предполагаемая величина
primary,первичный
principal strain,главная деформация
principal stress,главное напряжение
prints of fauna and flora,отпечатки фауны и флоры
prior design preparation,предпроектные проработки
priority,приоритет
probability,вероятность
probe,зонд
process,"процесс, явление"
phenomenon,"процесс, явление"
processing,обработка
product line,продуктопровод
production platform,нефтедобывающая платформа
profile,"профиль, разрез"
profiling,профилирование
prognosis,прогноз
project,проект
Project Specific Design Codes,специальные технические условия (СТУ)
PSDC,специальные технические условия (СТУ)
projection,проекция
proluvium,пролювий
prop,опора
propagation,распространение
property,свойство
soil properties,свойства грунтов
proposal,предложение
prospecting,разведочный
exploration,разведочный
exploratory,разведочный
protection,"защита, охрана"
protection measures,защитные мероприятия
protection of environment,защита окружающей среды
protective forest planting,защитные лесные насаждения
protrusion,"выпирание, протрузия"
provision,обеспечение
pseudo-karst,псевдокарст
public hearings,общественные слушания
pulsation,пульсация
pumping,водоотлив
pumping depression,депрессионная воронка
pumping station,насосная стация
pumping test,откачка
pumping-out permeability test,откачка
purification,"очищение, очистка"
pursue,осуществлять
putting into action,ввод в действие
puzzolana (pozzolana),пуццолан
P-wave,продольная волна
quagmire,"трясина, зыбун"
quality,качество
air quality,качество атмосферы
water quality,качество воды
quality index,бонитет
quantify,определять количественно
quantitative estimation,количественная оценка
quantity,"количество, численность"
"quarry, pit","карьер, каменоломня"
Quaternary,четвертичный
quay,"набережная, пристань"
quicksand,плывун
radiation safety,радиационная безопасность
radiation sampling,радиационное опробование
background radiation,радиационный фон
radiator,излучатель
radioactive,радиоактивный
radioactive fall-out,радиоактивные осадки
radioactive logging,радиоактивный каротаж
radioactive pollution,радиоактивное загрязнение
radioactive wastes,радиоактивные отходы
radioactive waste management,обращение с радиоактивными отходами
radioactivity,радиоактивность
radioactivity log,радиоактивный каротаж
radioactivity loging,радиоактивный каротаж
radiation logging,радиоактивный каротаж
radiation log,радиоактивный каротаж
radiocarbon dating,радиоуглеродный метод определения абсолютного возраста
radiocarbon C-14 dating,радиоуглеродный метод определения абсолютного возраста
radiochemical,радиохимический
radiological impact,радиологическое воздействие
radiological standards,радиологические нормы
radiometry,радиометрия
radiometric,радиометрический
radionuclides,радионуклиды
radius,радиус
radius of influence,радиус влияния
radius of drawdown cone,радиус влияния скважины
rainfall run-off,дождевой сток
rain-gauge,дождемер
random sampling,выборочное опробование
range,диапазон (пределы изменения)
rapid,"стремнина, порог (речной)"
rare species,редкие виды
rate,скорость
speed,скорость
velocity,скорость
rate of change,градиент
rate of change of velocity,градиент скорости
"rate of inflow, water influx",водоприток
rate of subsurface water flow,модуль подземного стока
ravelling scree,подвижная осыпь
Rayleigh wave,волна Релея
reagent,реагент
receiver,приемник
recent fault creeping,современный крип
recent tectonic movements,современные тектонические движения
modern tectonic movements,современные тектонические движения
recession,морская регрессия
recharge area,область питания
recirculation,рециркуляция
recirculated water,оборотная вода
reclaim water,оборотная вода
reclaimed pavement,восстановленное покрытие
recognize,распознавать
identify,распознавать
reconnaissance,рекогносцировка
recording,запись
recording equipment,записывающее устройство
recreation,"рекреация, отдых"
recultivation of land,восстановление земель
recycling,повторное использование
redistribution,перераспределение
reduce,"преобразовывать, сокращать"
reduced analysis,сокращенный анализ
reduced level,относительная отметка
reduced length,приведенная длина (ширина)
reduced width,приведенная (ширина)
redundant,избыточный
reference borehole,опорная скважина
reflected,отраженный
reformation of bank,переработка берега
refraction,преломление
refracting medium,преломляющая среда
refraction method,метод преломленных волн
refraction wave,преломленная волна
"regenerate, retrieve",восстанавливать
regime,режим
region,район
regional,региональный
regionalization,районирование
regression,регрессия
regulation,регулирование
control,регулирование
rehabilitation,восстановление
regeneration,восстановление
restoration,восстановление
rejuvenated fault,обновленный разлом
relative,относительный
relative compaction,относительное уплотнение
relative density,относительная плотность
relative sinking,относительная просадочность
relaxation,релаксация
release,высвобождать
releases,попуски
relevant,"подходящий, уместный"
reliability,надежность
relic,останец
relic,"реликтовый, древний"
relic of culture,реликвия (памятник культуры)
relic of the past,реликвия (памятник культуры)
relief,рельеф
reference point,репер
reference mark,репер
marker,репер
datum mark,репер
remote sensing,дистанционное зондирование
repeatability,воспроизводимость
repetition,повторяемость
replacement,замена
report on investigations,отчет об изысканиях
representative,репрезентативный
reproducibility,воспроизводимость результатов
requirements,требования
required,требуемый
safety requirements,требования по безопасности
technical requirements,технические требования
research,исследования
exploration,исследования
research area,"область, площадь исследований"
resection,засечка (геодез.)
reservation,заповедник
reserve area,заповедник
reservoir,"резервуар, водохранилище"
reservoir bank transformation,переформирование берегов водохранилища
residents,постоянно проживающее население
residential,жилой
residual deposits,элювий
residual soil,элювий
resistance,устойчивость
resistivity log,электрокаротаж
resource,ресурсы
resource saving technology,ресурсосберегающая технология
restraint,сдерживание
retention,сдерживание
restriction,ограничение
resultant,равнодействующая (сил)
results of past surveys (researches),материалы прошлых лет
retaining wall,подпорная стенка
retract,извлекать
retreating,отступание
reveal,выявлять (вскрывать)
revealing,выявление
revelation,обнаружение (открытие чего-либо)
reverse,обратный
reverse estimates,обратный расчет
revine,овраг
revinement,оврагообразование
revise,пересматривать
rezistivimetrie,резистивиметрия
rheological properties,реологические свойства
rheology,реология
rift,рифт
rige,гряда
stiffness,"жесткость, твердость"
rigidity,"жесткость, твердость"
rime,иней
ring shear,кольцевой сдвиг
rip-rap,каменная наброска
rise of ground water,подъем подземных вод
risk,риск
acceptable risk,допустимый риск
risk assessment,оценка риска
risk estimation,оценка риска
risk degree,степень риска
river bed,русло реки
river head,исток реки
river bed evolution,русловой процесс
river bed deformations,русловые деформации
riverside vegetation,прибрежная (речная) растительность
road,дорога
rock,"скала, скальные грунты (породы)"
rock burst,горный удар
rock fill dam,каменно-набросная плотина
rockfall,обвал
rock-forming minerals,породообразующие минералы
rock massif,массив горных пород
rock mechanics,механика горных пород
rock salt,каменная соль
rock slack,дресва
rock slip,оползень в скальных породах
Rock Quality Designation (RQD),показатель качества (нарушенности) горной породы
RQD,показатель качества (нарушенности) горной породы
roof,кровля
rotary drilling,вращательное бурение
rotary shear test,испытания крыльчаткой
roughness,шероховатость
roundness,окатанность
route,маршрут
route survey,маршрутная съемка
route out line,трасса
tracing,трассирование
marking out,трассирование
selection of route,трассирование
rubbish,"мусор, отбросы"
rubble,"галька, валун, булыжник, щебень"
rule,правило
run-up,"нагон (воды, ветровой)"
running sand,плывун
rupture,трещина
fissure,трещина
crack,трещина
crevice,трещина
rust,ржавчина
sample,"образец, проба"
sampler,пробоотборник
sampling,отбор образцов (опробование)
sampling tool,пробоотборный снаряд
sand,песок
sand dust,супесь
sandstone,песчаник
seal,тюлень
sea-calf,тюлень
sediment,осадок
sedimentаtion,осаждение
sediment transport,сток наносов
safety,безопасность
sailing direction,лоция
saline soils,засоленные грунты
"salina, alkali soil",солончак
salinity,соленость
salmon,лосось
salmonid fish,лососевые рыбы
salt composition,солевой состав
salt dome,соляной купол (шток)
plug,соляной купол (шток)
sampler,грунтонос
soil sampling tool,грунтонос
thin-walled sampler (corer),тонкостенный грунтонос
piston sampler (corer),забивной поршневой грунтонос
sampling network,сеть опробования
sampling point,точка отбора проб
sanctuary,"заповедник, заказник"
sanitary buffer,санитарно-защитная зона
sanitary and epidemiologic researches,санитарно-эпидемиологические исследования
sanitary protection zone,зона санитарной охраны
sanitary state,санитарное состояние
satellite geodesy,спутниковая геодезия
satellite image,космический снимок (космоснимок)
space image,космический снимок (космоснимок)
saturation,насыщение
saw,пила
scale,шкала
scale,масштаб
at a scale,в масштабе
scar,"утес, скала"
scarp,обрыв
scheme,схема
comparison scheme,схема сопоставления
scientific and technical,научно-технический
scope of works,состав работ
scour,"размыв, промоина"
scouring organisms,почвенные организмы
scree,"щебень, осыпь"
screw,шнек
sea,море
sea invasion,морская трансгрессия
seam,"пласт, слой"
seaport,морской порт
sea regression,морская регрессия
sealing of borehole,тампонаж скважины
seasonal variations,сезонные колебания
seasonally freezing stratum,сезонно промерзающий слой
secondary,вторичный
secondary treatment,вторичная очистка
secondary pollutant,вторичная примесь
sediments,"осадки (отложения), наносы"
sedimentary rocks,осадочные породы
sedimentation plant,отстойник
seeding,посев
"seepage, percolation","просачивание, фильтрация"
seepage loss,фильтрационные потери
seishes,сейши
seismic area,сейсмичный район
seismic effect,сейсмическое воздействие
seismic focus (origin),очаг землетрясения
seismic micro-zoning,сейсмическое микрорайонирование
seismic resistance,сейсмическая устойчивость
seismic prospecting (exploring),сейсморазведка
seismic section (profile),сейсмический разрез (профиль)
seismic waves,сейсмические волны
seismicity,сейсмичность
seismoacoustic methods,сейсмоакустика
seismogram,сейсмограмма
seismology,сейсмология
seismological,сейсмологический
self-boring,самозабуривающийся
self-cleaning,самоочищение
selfindividual frequency diapason range,собственный диапазон частот
self-potential method,метод естественного поля
semi-liquid state,полужидкое состояние
semi-rock,"полускальный грунт, полускальные породы"
semi-solid rocks,"полускальный грунт, полускальные породы"
sensibility,"чувствительность, склонность, восприимчивость"
sensitivity,"чувствительность, склонность, восприимчивость"
sensing device,датчик
sensor,датчик
separation,"разделение, расчленение"
separation of hydrograph,расчленение гидрографа
sequence of beds,"последовательность слоев, напластование"
setting basin,отстойник
settlement,"осадка (сооружения), поселение"
settlement calculation,расчет (осадки)
settlement plate,штамп
loading plate,штамп
plate load test,штамповые испытания
static loading plate test,штамповые испытания
set up,устанавливать
"shaft, mine",шахта
shale,сланец
shist,сланец
slate,сланец
shallow,"мелкий, неглубокий"
shallow depression,западина
shape,форма
shear resistance,сопротивление сдвигу (прочность на сдвиг)
shear strength,сопротивление сдвигу (прочность на сдвиг)
shear stress,касательное напряжение
shear test,"срез, сдвиг (сдвиговые испытания)"
drained,дренированный
undrained,недренированный
shear modulus,модуль сдвига
"shear plane, shear surface",поверхность сдвига
shear resistance,сопротивление сдвигу
shear strength,прочность на сдвиг
shear waves (S-waves),поперечные волны
sheet,"пласт, слой, покров"
sheet of filtration test,лист откачки
sheet pile,шпунтовая свая
sheet-pile wall,шпунтовая стенка
bulk head,шпунтовая стенка
shelf,шельф
continental shelf,континентальный шельф
shell,"раковина, ракушечник"
shell,желонка
"shelter, resort",укрытие
shield,щит
shingle,галечник
shoal,"мель, отмель, мелководье"
shooting a well,торпедирование скважины
shore,побережье
short-hole drilling,бурение шпуров
short-term forcast,краткосрочный прогноз
shot hole,шпур; shot firing,паление шпуров
shrinkage,усадка
shrinkage cracks,трещины усыхания
shrub,кустарник
side-scan sonar,гидролокатор бокового обзора
sonar detection,гидролокация
sieve,сито
sieve analysis,ситовой анализ
sifting,"просеивание, грохочение"
silicatization,силикатизация
silification,силикатизация
silt,"пыль, ил, муть, алеврит, осадок, шлам"
siltstone,алевролит
silt content,мутность воды
single,"единственный, единичный"
single-crop system,монокультура
single-stage investigations,одностадийные изыскания
sinkhole,"карстовая воронка, провал"
sinking,"оседание, проседание, просадка"
site,"площадка, участок (под разработку, разведку, строительство)"
at a site,на площадке
site selection,выбор площадки
slab,плита
slant,"уклон, наклон"
slope,"уклон, наклон"
inclination,"уклон, наклон"
slag,"зола, шлак"
slag disposal
slag (ash) dump,золоотвал
slash,шуга
sluge,шуга
slate,глинистый сланец
sleet,град
slick,пятно
slickenside,зеркало (поверхность) скольжения
glide,скольжение
slide,"оползень, скольжение"
sliding plane,поверхность скольжения
sliding tongue,язык (оползня)
sliding zone,зона скольжения
slime,"шлам, осадок"
slip,оползень
slip plane,поверхность скольжения
slob,шуга
slope,склон
континентальный склон,continental slope
slope,"склон, уклон, крутизна, осыпь"
sluge,"шлам, грязь, ил"
slump,"обвал, обрушение"
slumping,"оползание, сползание"
slurry trench,"траншея, заполненная глиной, для создания стены в грунте"
small-scale map,мелкомасштабная карта
smoke,"дым, дымовой газ (промышленный)"
snap sample,точечная проба
spot sample,точечная проба
grab sample,точечная проба
snow,снег
snow line,снеговая линия
snow load,снеговая нагрузка;
snow sampler survey,снегомерная съемка
snow melt flood,половодье
soaking,размокаемость
social-economic (socioeconomic) research,социально-экономические исследования
sodium,натрий
soft,мягкий
softening,размягчаемость
soil,"грунт (нескальный, рыхлый), почва"
soil covering,рыхлый покров
soil formation,почвообразование
soil development,почвообразование
soil mechanics,механика грунтов
soil profile,вертикальный разрез
soil section,вертикальный разрез
standard section,типовой разрез
soil and rock constants,расчетные характеристики пород
soil salinization,засоление почвы
soil stabilization,закрепление грунтов
soil structure,структура грунта
soil fabric,текстура грунта
sole,"подошва, дно"
solid wastes,твердые отходы
solidity,твердость
solifluction,солифлюкция (оплывание)
solitary,одиночный
solubility,растворимость
soluble,растворимый
solution,раствор
sonar,"сонар, звуколокатор"
sounding,зондирование
sounding cone,наконечник (зонда)
sounding device,зонд
source,источник (родник)
source of pollution,источник загрязнения
source capacity,дебит источника
space of sampling,интервал опробования
spacing,расстояние (как промежуток между профилями или точками)
spatial,пространственный
spawning,нерест
specialized laboratories,специализированные лаборатории
specific,удельный
specific cohesion,удельное сцепление
specific cone resistance,удельное сопротивление конусу зонда
specific discharge,модуль стока
specific soil properties,специфические свойства грунтов
specific yield of a well (boring),удельный дебит скважины
specify,"определять, устанавливать, указывать"
specified value,нормативное значение
specimen,образец
spectral resonance characteristics,спектральные характеристики реакции грунтов
spectrum of vibrations,спектр колебаний
speed,скорость
speed of frost penetration,скорость промерзания
spillway,водосброс
splitting,"растрескивание, раскалывание, расслаивание"
spoil pile,отвал
spoil bank,отвал
spontaneous polarization method,спонтанная поляризация (метод естественного поля)
sporadic spreading,спорадическое распространение
spot,пятно
spreading,"распространение, расширение"
spring,"источник, родник"
spring water tapping
capture,каптаж (источника)
spruce,канадская ель
stability,устойчивость
instability,неустойчивость
slope stability,устойчивость склона
stabilization of foundation soil,мелиорация грунтов (в основании сооружений)
stable relief,бронированный рельеф
glacial stage,фаза (стадия) оледенения
stagnant water,застойные воды
stake,опорный столб
SPT,динамическое зондирование
Standard Penetration Test,динамическое зондирование
state control geodetic network,государственная геодезическая сеть
state water cadastre,государственный водный кадастр
static loading plate test,штамповые испытания
"static probing, static sounding",статическое зондирование
steam,пар
steep,крутой
step,ступень
stickness,липкость
sticky limit,предел липкости
stipulate,предусматривать
stone stream,"курум, каменный поток"
storage of radioactive wastes,хранение радиоактивных отходов
storm,шторм
storm sewage,ливневой сток
strain at failure,разрушающая нагрузка на растяжение
strain gauge,тензометр
strainer,"фильтр, сито"
stratification,напластование
stratification plane,поверхность напластования
stratigraphic,стратиграфический
stratigraphic units,стратиграфические единицы
stratigraphic-genetic complex,стратиграфо-генетический комплекс
stratigraphic-genetic index,стратиграфо-генетический индекс
stratigraphy,стратиграфия
stratum,"пласт, слой"
stream,поток
stream flow measuring station,гидрологический пост (пункт)
strength,прочность
strength reduction under cyclic loads,снижение прочности при циклических нагрузках
strengthening,упрочнение
stress,давление
overburden stress,давление вышележащей толщи
bearing stress,давление по подошве фундамента
stress– напряжение
stress distribution diagram,эпюра напряжений
stress-strain curve,кривая напряжение-деформация
stress-strain function,соотношение напряжение-деформация
stretching,растяжение
strike,простирание
strike direction,азимут простирания
strike-slip fault,сбросо-сдвиг
stripping,"расчистка, демонтаж"
structure and texture of rocks,структура и текстура породы
subaqueous,подводный
subdivision,"разделение, расчленение"
subdivision of geological profile,расчленение разреза
subdivision,подрайон
subglacial till,донная морена
subject,подвергать
subjects of application,область применения
submerge,погружаться (под воду)
submerged,"затопленный, погруженный (под воду)"
submersible pump,погружной насос
submission of results,представление результатов
subpermafrost waters,подмерзлотные воды
subregion,подрайон
subsea,подводный (морск.)
subsidence,"опускание, просадка, оседание (поверхности над выработанным пространством)"
subsidence capacity,просадочность
subsiding,просадка
substantiation,обоснование
substructure,подземная часть сооружения
subsurface,подземный
subsurface water flow,подземный сток
subterranean,подземный
succession,последовательность
sequence of beds,"разрез вертикальный (строение толщи, последовательность слоев)"
sufficient data,достаточные данные
unsufficient data,недостаточные данные
suffosion,суффозия
suitability,"годность, пригодность, возможность использования"
sulphates,сульфаты
sump pit,зумпф
supercooling,переохлаждение
superficial,"поверхностный, приповерхностный, неглубокий, верхний"
supplement,"дополнять, добавлять"
support,"обеспечение, поддержка, крепление"
suppress,"подавлять, заглушать"
surf,"прибой, бурун"
surface,поверхность
surface run-off,поверхностный сток
surface flow,поверхностный сток
surface water,поверхностные воды
surface tension,поверхностное натяжение
surficial,приповерхностный
surging,волновое колебание
surrounding territory,окружающая территория
survey,съемка
plotting,съемка
altimetric survey,высотная съемка
survey swath,полоса съемки
susceptibility,"чувствительность, восприимчивость"
suspended matter,твердый сток
suspended sediment flow,твердый сток
suspended solids,взвешенные вещества
sustained rock strength,длительная прочность
high bog,болото верховое
lowland bog,болото низинное
swash,прибой
sweet water storage,месторождение пресных вод
swelling,набухание
synchronous,синхронные
syncline,синклиналь
synclinorium,синклинорий
syneclise,синеклиза
synthesized accelerograms,синтезированные акселерограммы
system of coordinates and elevations,система координат и высот
rectangular coordinate system,прямоугольная система координат
system of water quality monitoring,система контроля качества воды
syzygial (spring) tide,"сизигийный прилив, отлив"
spring tide,"сизигийный прилив, отлив"
table,таблица
tacheometer,тахеометр
tacheometrical survey,тахеометрическая съемка
electronic tacheometer,электронный тахеометр
tail,шлейф
tailing,выклинивание
tailwater,нижний бьеф
talic,талик
talik,талик
unfrozen pocket,талик
talus,щебень
talus creep,осыпь
talweg,тальвег
tangential stress,тангенциальное напряжение
tank,цистерна (резервуар)
taxonometric unit,таксономическая единица
temperature logging,термокаротаж
tamping,трамбовка (набивка)
technical assignment,техническое задание
technical order,техническое задание
technogenic,техногенный
technogenic impact,техногенное воздействие
technogenic-natural,техно-природный
technological,технологический
tectonics,тектоника
tectonic,тектонический
tectonic framework,тектоническое строение
tectonic destruction,дислокация
temporary,временный
temperature,температура
temperature stratification,температурная стратификация
tempest,"шторм, буря"
temporary strength,временная прочность
tensile force,растягивающее усилие
tensile stress,растягивающее напряжение
tensile strength,"сопротивление разрыву, прочность на растяжение, прочность на разрыв"
tension test,испытания на растяжение
tensile test,испытания на растяжение
tension,"натяжение, растяжение, напряжение"
tensor of stress,тензор напряжения
tentative,"предварительный, пробный"
terminal moraine,конечная морена
terrace,"терраса, terrace base",цоколь террасы
terrain,"местность, окружающая территория"
terrain analysis,районирование
terrestrial and aquatic ecosystems,наземные и водные экосистемы
terrigenic deposits,терригенные отложения
territory adjacent to proposed site,прилегающая к площадке территория
Tertiary,третичные
test,"испытание, тест"
test on soil,испытание грунта
testing,"опробование, испытание"
thawed soils (ground),талые грунты
melting soils,талые грунты
thawing,оттаивание
thawing basin,чаша протаивания
theodolite,теодолит
theoretical resistance,расчетное сопротивление
thermal,тепловой
thermal balance,тепловой баланс
thermal pollution,тепловое загрязнение
thermal conductivity,теплопроводность
heat conductivity,теплопроводность
heat conductivity coefficient,коэффициент теплопроводности
thermal expansion,температурное расширение
thermal protection,теплоизоляция
thermal spring,термальный (источник)
thermokarst,термокарст
thickness,мощность
thixotropy,тиксотропия
threshold dose,пороговая доза
thrust,надвиг
thrust fault plane,плоскость надвига
thunderstorm,гроза
tide,"прилив, отлив"
tidal level,приливно-отливный уровень
tide pole,футшток
till,"морена, неотсортированные ледниковые отложения"
till,тиль (пестрые ледниковые глины)
tilt,наклон
tiltmeter,наклономер
toe,"подошва, дно"
tolerance,толерантность
plant tolerance,толерантность растения
tolerant residue,допустимый остаток
tongue,язык (оползня)
tongue,шпунт
rebate,шпунт
tongue-and-groove,шпунтовое соединение
topography,топография
topographical map,топографическая карта
topographic map,топографическая карта
topographic plan,топографический план
topographical plan,топографический план
toppling,обвал
topsoil,почвенный (гумусовый) горизонт
tornado,торнадо
torrent,сильный поток
total effective dose,мощность эффективной дозы
total resistance,полное сопротивление (конусу зонда)
total strain modulus,модуль общей деформации
toxic gases,газы токсичные
toxicity,токсичность
trace,"прочерчивать, прослеживать"
traces of fauna and flora,отпечатки фауны и флоры
tracing,трассирование
traditional,традиционный
transfer,перенос
transit line,створ
transit markers,створные знаки
transgression,трансгрессия
transpiration,транспирация
transportation routes,транспортные пути
transposition,перенос
transverse,поперечный (секущий)
transverse fault,поперечный (секущий) разлом
transverse profile,поперечный разрез
transverse wave,поперечная (S) волна
treatment,обработка
treatment of radioactive wastes,переработка радиоактивных отходов
trench,"канава, траншея"
trend,"тренд, направление"
fitting of trend surface,построение поверхности тренда
trial,испытание
triangulation,триангуляция
triaxial apparatus,стабилометр
triaxial test,трехосные испытания
tributary,приток реки
trough,"прогиб, трог"
true value,истинная величина
trustworthiness,достоверность
tsunami,цунами
tuff,туф
tundra,тундра
tunnel,тоннель
turbidity,мутность
turbine house,турбинный зал
turbine hall,турбинный зал
turbulent diffusion,турбулентная диффузия
turbulent flow,турбулентное течение
twist,перекручивание
typhoon,тайфун
typical section,типовой разрез
type section,типовой разрез
ultimate equilibrium,предельное равновесие
ultimate load,разрушающая (предельная) нагрузка (напряжение)
ultra-sound,ультразвук
unacceptable,неприемлемый
unaccessible,недоступный
unconsolidated,неуплотненный
undercutting,подмыв (берегов)
undercutting of slope,подсечка склона
underflooding,подтопление
underflow,подрусловые воды
underground,подземный
underground mine,подземная выработка
underlay,подстилать
underlying strata,подстилающие слои
under plumesite,подфакельный пост наблюдений
undertake,предпринимать
undisturbed structure,ненарушенная структура
unfrozen pocket,талик
uniaxial compression,одноосное сжатие (одометрические испытания)
uniform,однородный
uniformity,однородность
unify,унифицировать
unique construction,уникальное сооружение
unique installation,уникальное сооружение
unit,"единица, единичный"
unsuitable,непригодный
upper-air,верхний слой атмосферы
upheaval,поднятие
uplifting,поднятие
upstream apron,понур (плотины)
upstream blanket,понур (плотины)
upstream pool,верхний бьеф
upthrow fault,"взброс, надвиг"
thrust,"взброс, надвиг"
uranium mine,урановые разработки
urban,городской
urban green belt,зеленая зона города
use,использование
usage,использование
useful minerals,полезные ископаемые
utilized area,угодья
agricultural area,угодья
vadose water,верховодка
vain,жила
vain rock,жильная порода
vain waters,жильные воды
valley,долина
vane apparatus,крыльчатка
vane test,испытания крыльчаткой
variability,изменчивость
spatial variability,пространственная изменчивость
variety,разнообразие
species variety,видовое разнообразие
varve clay,ленточная глина
vary,варьировать
vegetated earth,почвенный (гумусовый) горизонт
vegetation,растительность
"vehicle, vessel",судно
ventilation,вентиляция
verifying,"проверка, подтверждение"
vertical seismic profiling,вертикальное сейсмопрофилирование
vertical velocity curve,годограф
viable,жизнеспособный
vibrations,колебания
oscillation,колебания
vibrating plate,виброплита
vibro-piston sampler,вибропоршневой пробоотборник
vicinity,окрестности (прилегающая территория)
viscosity,вязкость
visual assessment,визуальная оценка
void,"полость, пустота"
void ratio,коэффициент пористости
inplace void ratio,природной пористости
in most compact state,при самом плотном сложении
in loosest state,при самом рыхлом сложении
volcano,вулкан
ceased volcano,вулкан потухший
mouth of volcano,жерло вулкана
volume,объем
vulnerability,"уязвимость, подверженность"
wash,прибой
wash-boring process,промывка скважины
washout,вымывание
waste,отходы
waste deposit,свалка
waste disposal,свалка
waste disposal,захоронение отходов
waste recycling,переработка отходов
waste water,сточные воды
sewage,канализация
water balance,водный баланс
water balance equation,уравнение водного баланса
water balance station,воднобалансовая станция
water bearing stratum,водоносный горизонт (слой)
water body,водный объект
water collector,водосборник
water consumption,водопотребление
water cource,водоток
water economy,водное хозяйство
water-edge,урез воды
water extraction,водная вытяжка
water exhaustion,водная вытяжка
water flush system,намыв
water hardness,жесткость воды
watering,обводнение
water-injection test,нагнетание
water intake,водоприемник
water intake filling test,налив
water level fluctuation,колебания уровня воды
water level gage,водомерный пост
"water loss, water yield",водоотдача
water package plant,водоочистные сооружения
water-pressure test,нагнетание
water-protective complex,водоохранный комплекс
water-protective zone,водоохранная зона
waterproof,гидроизоляция
waterproof blanket,понур (плотины)
water resisting,водостойкость
water resources,водные ресурсы
water resources utilization system,водохозяйственный комплекс
water-saturated,водонасыщенный
watershed area,площадь водосбора
water storage,запас воды
watershed,водораздел
waterspout,водяной смерч
water supply,водоснабжение
water table,уровень (зеркало) грунтовых вод
water-table uprising,подтопление
watertight diaphragm,противофильтрационная завеса
water tapping,водозабор
withdrawal of water,водозабор
water intake structure,водозаборное сооружение
water use,водопользование
water user,водопользователь
water use,водопотребление
water use rate,норма водопотребления
waterways,водные пути
body wave,объемная волна
reflected wave,отраженная волна
surface wave,поверхностная волна
weakened rocks,ослабленные породы
weathering,выветривание
chemical,химическое
frost weathering,морозное
weathering crust,кора выветривания
wedging out,выклинивание
weir,водослив
well,"водопункт (колодец, скважина)"
"well column, borehole column",колонка скважины
wellpoint filter,иглофильтр
well screen,фильтр
wet density,объемная плотность
"whirlwind, tornado",смерч
width,ширина
wind,ветер; wind rose,роза ветров;
wind sediments,эоловые отложения
wind tide,нагон (воды) ветровой
winding,излучина (реки)
windward side,наветренная сторона
wood,лес
working design,рабочий проект
working documentation,рабочая документация
working hypothesis,рабочая гипотеза
worm,"шнек, червь"
X-ray,рентгеновские лучи
yield of boring,дебит скважины
yield of well,дебит скважины
Young`s modulus,модуль упругой деформации (модуль Юнга)
annual frost zone,зона сезонного промерзания
zone of freezing,зона сезонного промерзания
zone of subterranean backwater,зона подпора подземных вод
"zoning, terrain analysis",районирование
Cone Penetration Test,статическое зондирование
Design Basis Earthquake,проектное землетрясение
Global Positioning System,глобальная система позиционирования
International Atomic Energy Agency,Международное агентство по атомной энергии (МАГАТЭ)
Iceproof Stationary Platform,льдоустойчивая стационарная платформа
Lowest Astronomical Tide,наинизший уровень при отливе
Light Technical Equipment,легкий пробоотборник
Maximum Acceptable Concentration,предельно допустимая концентрация
Maximum Calculated Earthquake,максимальное расчетное землетрясение (МРЗ)
Mean Sea Level,средний уровень моря
Nuclear Power Plant,атомная электростанция (АЭС)
Piezocone Penetration Test,статическое зондирование пьезоконическим пенетрометром
Project Specific Design Codes,специальные технические условия (СТУ)
Rock Quality Designation,показатель качества (нарушенности) горной породы
Standard Penetration Test,динамическое зондирование
CPT,статическое зондирование
DBE,проектное землетрясение
GPS,глобальная система позиционирования
IAEA,Международное агентство по атомной энергии (МАГАТЭ)
ISP,льдоустойчивая стационарная платформа
LAT,наинизший уровень при отливе
LTE-sampling,легкий пробоотборник
LTE,легкий пробоотборник
MAC,предельно допустимая концентрация
MCE,максимальное расчетное землетрясение (МРЗ)
MSL,средний уровень моря
NPP,атомная электростанция (АЭС)
PCPT,статическое зондирование пьезоконическим пенетрометром
PSDC,специальные технические условия (СТУ)
RQD,показатель качества (нарушенности) горной породы
SPT,динамическое зондирование
X-ray,рентгеновские лучи
