4116;зонд ИК 4И1.6 / ИКЗ-1  ММНО МСИМ;;;;;;;;
6108;зонд ИК 6И0.8 / ИКЗ-1 ММНО МСИМ;;;;;;;;
(fire) hose barrel;брандспойт;;;;;;;;
(self) ignite;возгораться;;;;;;;;
413A;зонд ИК 4И3.0 активный сигнал /ИКЗ-1 ммно МСИМ;;;;;;;;
413R;зонд ИК 4И3.0 реактивный сигнал /ИКЗ-1 ммно МСИМ;;;;;;;;
4R16;кажущееся сопротивление 4И1.6 ОНММ ОММ;;;;;;;;
4R3A;кажущееся активное сопротивление  /4И3А ОНММ ОММ;;;;;;;;
4R3R;кажущееся реактивное сопротивление /4Р3А ОНММ ОММ;;;;;;;;
5 TPI (threads per inch);5 ниток на дюйм;;;;;;;;
6R08;кажущееся сопротивление 6И0.8 ОНММ ОММ;;;;;;;;
access boardcat walk;мостки;;;;;;;;
acid treatmentacidizing of wellsacidization;кислотная обработка скважины;;;;;;;;
acting;действующий;;;;;;;;
active rigs;парк действующих станков;;;;;;;;
actual capacity;производительность фактическая;;;;;;;;
adapter;муфта переходная;;;;;;;;
adapter;переводник фланцевый;;;;;;;;
additive;присадка;;;;;;;;
adhesion;прилипание;;;;;;;;
adjustable wrench;ключ раздвижной;;;;;;;;
adjusting screw;установочный винт;;;;;;;;
adjustment;регулировка;;;;;;;;
administration for logistic and delivery;УМТОиК упр. мат. Техн. обеспечения и комплектации;;;;;;;;
Administration for technical Services and logistic;УПТО и КО управление производственно технического обслуживания и комплектации оборудования;;;;;;;;
admission valve;клапан впускной;;;;;;;;
advance of tool;подача инструмента;;;;;;;;
advent;возникновение (появление);;;;;;;;
afloat;вплавь;;;;;;;;
age;возраст;;;;;;;;
agitator;мешалка;;;;;;;;
air clutch;ШПМ;;;;;;;;
air collection;воздухозаборник;;;;;;;;
air dampner (?), air chamb.;компенсатор насоса;;;;;;;;
air hoist;пневматическая лебедка;;;;;;;;
air-tight ;герметичный;;;;;;;;
alkali salt;соль щелочного металла;;;;;;;;
alloy;сплав;;;;;;;;
alteration of rocks;изменение породы;;;;;;;;
anchor packer;якорный пакер;;;;;;;;
anchor truck;АЗА агрегат забуривания анкеров;;;;;;;;
angle of entry;угол входа в пласт;;;;;;;;
angle of gradient;угол наклона;;;;;;;;
angle of thread;угол профиля резьбы;;;;;;;;
angle of torsion;угол кручения;;;;;;;;
anionique detergents;анионные моющие вещества;;;;;;;;
annular;кольцевое пространство;;;;;;;;
annular;кольцевой;;;;;;;;
annular BOP;универсальный превентор ;;;;;;;;
annular space;кольцевое пространство;;;;;;;;
annular velocityreturn velocity;скорость восходящего потока;;;;;;;;
anti-galling treatment;противоизносная обработка;;;;;;;;
aquifer;водоносный горизонт;;;;;;;;
ascending pipe;напорная труба;;;;;;;;
ascending piperising pipestand pipe;стояк (в буровой);;;;;;;;
assembly;узел (машины);;;;;;;;
assembly, unit;агрегат;;;;;;;;
assistant driller;помощник бурильщика;;;;;;;;
associated gas;газ попутный;;;;;;;;
associated rock;сопутствующая порода;;;;;;;;
attackcorrosion;коррозия;;;;;;;;
automatic fill - up;самодоливной обратный клапан;;;;;;;;
automatic fill up shoe;башмак самодоливной;;;;;;;;
automatic logging;автоматическая регистрация ;;;;;;;;
auxiliary;вспомогательный;;;;;;;;
auxiliary;запасной;;;;;;;;
auxiliary panel;вспомогательная панель;;;;;;;;
average bit progress;средняя проходка на долото;;;;;;;;
average sample;средняя проба;;;;;;;;
back off;отворот в скважине ;;;;;;;;
back offbreak out;развиничивание инструмента;;;;;;;;
back up tongs;задерживающий ключ;;;;;;;;
baffle;перегородка;;;;;;;;
bail;тартать;;;;;;;;
bail line;тартальный канат;;;;;;;;
bailer;желонка;;;;;;;;
balling;налипание разбуренной породы на долото;;;;;;;;
bander;клямсорватель (?);;;;;;;;
barefoot interval;необсаженный интервал;;;;;;;;
barren;непродуктивный;;;;;;;;
barren;пустой (о породе);;;;;;;;
base plate;основная нога вышки;;;;;;;;
basket;паук (ловильный);;;;;;;;
basket crapple;цанговый захват;;;;;;;;
bayonet joint;цанговое соединение;;;;;;;;
beaver;колено тампонажное;;;;;;;;
bed rock;коренные породы;;;;;;;;
bedding;Залегание ;;;;;;;;
bedding;наслоение;;;;;;;;
bedding;наслоение;;;;;;;;
bell crank;шатун;;;;;;;;
bell socket;ловильный колокол;;;;;;;;
belt ddrive;привод ременный ;;;;;;;;
bent stub;кривой переводник;;;;;;;;
bentonite clay;бентонитовая глина;;;;;;;;
bevel;кромка, фаска;;;;;;;;
bevel;наклон, фаска;;;;;;;;
bevel gear drive;коническая зубчатая передача;;;;;;;;
bit;долото;;;;;;;;
bit consumption;расход долот;;;;;;;;
bit cutting;обломки выбуренной породы;;;;;;;;
bit deflection;отклонение долота;;;;;;;;
bit nozzle;насадка долота;;;;;;;;
bit pilot;долотный вкладыш протектор;;;;;;;;
bit tilt;долотный отклонитель;;;;;;;;
bit weight per unit area;удельная нагрузка на долото;;;;;;;;
bitch;прямоугольная скоба;;;;;;;;
black diamond;карбонат;;;;;;;;
black flange;заглушка;;;;;;;;
black oillow - duty;маломощный;;;;;;;;
blind back off;отворот кол. по слабому месту;;;;;;;;
blind flange;глухой фланец задвижки;;;;;;;;
blind ram;глухие плашки;;;;;;;;
block and tackle;полиспаст;;;;;;;;
blow out hook up;комплекс ПВО;;;;;;;;
blow well down;стравливать скваж.;;;;;;;;
blow well down ;понизить уровень жидкости в скважине;;;;;;;;
blow wild;фонтанировать;;;;;;;;
blowingflow;фонтанирование;;;;;;;;
blow-off valve;продувочный клапан;;;;;;;;
blowout preventer BOP;превентор;;;;;;;;
blowout, blowing;выброс;;;;;;;;
body ;корпус;;;;;;;;
body of the bitframe of the bit;корпус долота;;;;;;;;
body of the swiwel ;корпус вертлюга;;;;;;;;
bog;болото;;;;;;;;
bond;цементирующее вещество;;;;;;;;
bonnet;крышка, кожух;;;;;;;;
booster pump;насос вспомогательный;;;;;;;;
booster pump station;ДНС  какая-то насосная станция;;;;;;;;
BOP stack;превенторная связка;;;;;;;;
BOP stripping tool;инструмент для демонтажа блока превентора;;;;;;;;
bore mud;буровой шлам;;;;;;;;
bore protector;воронка для бур. Труб;;;;;;;;
bore protector;протектор колонной головки;;;;;;;;
borehole log;колонка пород;;;;;;;;
bottom cementing plug;нижняя цементировочная пробка;;;;;;;;
bottom drive;забойный привод;;;;;;;;
bottom hole;забой скважины;;;;;;;;
bottom hole coverage;перекрытие забоя (при работе долота);;;;;;;;
bottom hole pr.;забойное давление;;;;;;;;
bottom hole sample;образец из забоя скважины;;;;;;;;
bottom hole stimulation;обработка призабойной зоны;;;;;;;;
boulder;валун;;;;;;;;
bowl;вкладыши под клинья;;;;;;;;
bowls and splitcasing bushing;Вкладыши роторного стола;;;;;;;;
box;муфта;;;;;;;;
box coupling;муфта втулочная;;;;;;;;
box of tool joint;муфта бурильного замка;;;;;;;;
box tap;гладкий колокол;;;;;;;;
box type bit;корпусное долото;;;;;;;;
box, joint, clutch, socket;муфта;;;;;;;;
box, tool joint box;муфта замковая;;;;;;;;
bracederrick brace;крестовина вышки;;;;;;;;
brake band;тормозная лента;;;;;;;;
brake bloks;тормозные колодки;;;;;;;;
brake crank;ручка тормоза;;;;;;;;
break circulation;ВЦ восстановление циркуляции;;;;;;;;
break down pr.Bursting pr.;давление разрыва;;;;;;;;
break off;разрыв бурильных труб;;;;;;;;
break off (to) stands;раскреплять бурильные свечи;;;;;;;;
break out (to) a joint;раскреплять резьбу;;;;;;;;
breakdown, failure, wreck;авария;;;;;;;;
breaker;автомат предохранитель;;;;;;;;
breakout tongs;трубный ключ для отвинчивания;;;;;;;;
bride of the bit;крестовина долота;;;;;;;;
bridge plugfrac plug (?)cement retainer;пробка - мостпробка - отсекатель ;;;;;;;;
bridging particles;закупоривающие добавки;;;;;;;;
bridgingplugging;закупоривание;;;;;;;;
bridle;канатная подвеска;;;;;;;;
brine water;вода пластовая;;;;;;;;
bring into production;ввести в эксплуатацию;;;;;;;;
bring up to datemodernize;модернизированный;;;;;;;;
brought in well;скважина, вступившая в эксплуатацию;;;;;;;;
BS;номинальный диаметр мм;;;;;;;;
bucking;продольный изгиб (труб);;;;;;;;
build up;монтировать;;;;;;;;
build up curve;кривая восстановления давления;;;;;;;;
bull nose;стыковочный переводник;;;;;;;;
bulldog casing spear;неосвобождаемая труболовка;;;;;;;;
burnt, char;гарь;;;;;;;;
bushing;вкладыш;;;;;;;;
bushing;втулка;;;;;;;;
butterfly valve;шибер;;;;;;;;
BVT  and BVC type el.;элеватор с клиньями;;;;;;;;
by-pass valve;перепускной клапан;;;;;;;;
c - ring;разрезное кольцо;;;;;;;;
C1;ДС1  диаметр по каверномеры многорычажному мм;;;;;;;;
C2;ДС2  диаметр по каверномеры многорычажному мм;;;;;;;;
cable spear;кабельный ерш;;;;;;;;
cable splice;сплетение каната;;;;;;;;
cake;глинистая корка;;;;;;;;
CALI;ДС суммарный диаметр каверномера мм;;;;;;;;
caliper;каверномер;;;;;;;;
caliper;калибр для замера диаметра долота;;;;;;;;
caliper log;кавернограмма;;;;;;;;
calipercaliper gaugehole gauge;нутромер;;;;;;;;
cam drive;кулачковый привод;;;;;;;;
camp boss;начальник базы;;;;;;;;
canal ditch;желоб к отстойникам;;;;;;;;
cap;капсуль;;;;;;;;
capacity;емкость;;;;;;;;
capacity, efficiency;мощность;;;;;;;;
capillary interstices;капиллярные пустоты;;;;;;;;
capper;фонтанная задвижка;;;;;;;;
carbide hardfacing;твердосплавная наварка;;;;;;;;
carbon steel;углеродная сталь;;;;;;;;
carboximethilhydroxyethylcellulose CMHEC;КМОЭЦ;;;;;;;;
case off;крепить ствол скважины;;;;;;;;
cased;обсаженный;;;;;;;;
cased hole;обсаженная скважина;;;;;;;;
casing;трубы обсадные;;;;;;;;
casing centraliser;центратор;;;;;;;;
casing collar log  CCL;магнитный локатор муфт;;;;;;;;
casing coupling;муфта обсадной трубы;;;;;;;;
casing coupling;соединение обсадных труб;;;;;;;;
casing flange;колонный фланец;;;;;;;;
casing flange;ФЛ, к/г фланец колонной головки;;;;;;;;
casing head;КГ колонная головка;;;;;;;;
casing head;колонная головка;;;;;;;;
casing head;трубная головка;;;;;;;;
casing head;устьевое оборудование;;;;;;;;
casing pressure;давление в затрубье;;;;;;;;
casing production string ;э/к эксплуатационная колонна;;;;;;;;
casing program;конструкция скважины;;;;;;;;
casing pulley;кронблочный шкив;;;;;;;;
casing scraper;колонный скрепер;;;;;;;;
casing shoe;башмак обсадной колонны;;;;;;;;
casing slips;трубные (обс.) клинья;;;;;;;;
casing spear;труболовка;;;;;;;;
casing spool;трубная катушка;;;;;;;;
casing stabbing basket;люлька для центровки обсадных труб;;;;;;;;
casing string;обсадная колонна;;;;;;;;
casing swage;оправка для ремонта обсадных труб;;;;;;;;
casing swagger ;оправка для колонны;;;;;;;;
casing tongs;трубные ключи;;;;;;;;
casing valve;задвижка затруба;;;;;;;;
catch up;догонять;;;;;;;;
catch, grab;заловиться;;;;;;;;
cathead;кранбалка;;;;;;;;
catheadreel;катушка;;;;;;;;
cathode protection;катодная защита;;;;;;;;
caustic;едкий;;;;;;;;
cavecavity;каверна;;;;;;;;
caved;обрушенный ;;;;;;;;
cavernous;кавернозный;;;;;;;;
caving;обвал стенок скважины;;;;;;;;
caving shale;обводнение;;;;;;;;
CCL casing collar location log;ЛМ локация муфт;;;;;;;;
cellar;шурф под шахтное направление;;;;;;;;
cellar hook up;оборудование шахты фонтанной арматурой;;;;;;;;
cem. plug;цементировочная пробка;;;;;;;;
cement bond logging;цементометрия;;;;;;;;
cement bulk;цементный бункер;;;;;;;;
cement fallout;козел;;;;;;;;
cement fell out;поймали козла;;;;;;;;
cement slurry;цементный раствор;;;;;;;;
cement top;Нц высота цементирования;;;;;;;;
cemented;зацементированный ;;;;;;;;
cementing and circulation hose;цементировочная и циркуляционная трубка;;;;;;;;
cementing basket;манжета для удерживания цемента;;;;;;;;
cementing collar;цементировочная муфта;;;;;;;;
cementing head;цементировочная головка;;;;;;;;
cementing head;цементировочная головка;;;;;;;;
cementing tank, cem. outfit;цементировочный агрегат (оборудование);;;;;;;;
center latch elevator;элеватор с центральной дверкой;;;;;;;;
centering guide;центрирующий фонарь;;;;;;;;
central pumping station;ЦПС центральная перкачивающая станция;;;;;;;;
central servicing Facility ;ЦБПО центральная база производственного обслуживания;;;;;;;;
chain tong;цепной ключ;;;;;;;;
chain transmission;привод цепной;;;;;;;;
charge;заряд ВВ;;;;;;;;
chart;график;;;;;;;;
chattering;вибрация бурильных труб;;;;;;;;
chattering;подпрыгивание долота (на забое);;;;;;;;
choice ;ассортимент;;;;;;;;
choke, flow bean;штуцер;;;;;;;;
chrismas tree;фонтанная арматура;;;;;;;;
Christmas treeflow head;елка фонтанная;;;;;;;;
circulation of bottom hole clean;ОПЗ очистка призабойной зоны;;;;;;;;
circulation pr.;давление циркуляции;;;;;;;;
CL type elev.;под конус с двумя рогами элеватор;;;;;;;;
clad;бронированный, армированный;;;;;;;;
clamp;хомут;;;;;;;;
clampjoint;замок (соедине5ние);;;;;;;;
clay bowling;сальникообразование;;;;;;;;
clay mixer, mud mixer;глиномешалка;;;;;;;;
clean out gate;очистной люк в емкости ;;;;;;;;
clearance;зазор;;;;;;;;
cleavage, fracture;изломы ;;;;;;;;
clogging;закупорка пор пласта;;;;;;;;
closing plug;закрывающая пробка;;;;;;;;
CLS type elevator;элеватор с двумя рогами прямой;;;;;;;;
cluster drilling;бурение многозабойное;;;;;;;;
coil tubing;гибкий шланг на барабане (НКГ);;;;;;;;
collapse;смятие (труб);;;;;;;;
collapsing mastjacking mastcantilevel mast;складывающаяся мачта;;;;;;;;
collar socket;ловильный инструмент для захвата за муфту;;;;;;;;
compensated neutron log ;КН компенсированный нейтронный каротаж;;;;;;;;
completed well;освоенная скважина;;;;;;;;
completed well;скважина, законченная бурением;;;;;;;;
compound;трансмиссия;;;;;;;;
condensate;газоконденсат;;;;;;;;
conductor;направляющая колонна;;;;;;;;
cone;шарошка;;;;;;;;
conformance;охват (площади);;;;;;;;
conforming to lows;закономерность;;;;;;;;
connection time;время наращивания;;;;;;;;
connection, make connection;наращивание;;;;;;;;
connector;обсадное безмуфтовое соединение;;;;;;;;
conservation of resources;охрана недр;;;;;;;;
Constructing and mounting Enterprise ;СМУ строительно монтажное управление;;;;;;;;
Construction Dep.;ОКС отдел капитального строительства;;;;;;;;
Construction norms and Regulations;СНиП;;;;;;;;
contact log;диаграмма микрозондирования;;;;;;;;
contact log;каротаж боковой микрозондирование;;;;;;;;
continuous secure;бесперебойный;;;;;;;;
contour, isohypse;контур;;;;;;;;
controlled directional well;скв. Направленно искривленная;;;;;;;;
Controller, control panel;СУ станция управления в составе УЭЦН;;;;;;;;
core barrel;грунтоноска;;;;;;;;
core barrel;колонковый бур;;;;;;;;
core bit;колонковое долото;;;;;;;;
core breakersample cutter;кернорватель;;;;;;;;
core lifter;керноподъемник;;;;;;;;
coresampletest core;керн;;;;;;;;
correlation;привязка по глубине;;;;;;;;
corrosion inhibitor;замедлитель коррозии;;;;;;;;
cost per well drilled;стоимость пробуренной скважины;;;;;;;;
counter weight;противовес;;;;;;;;
cpecific injectivity index;коэффициент приемистости;;;;;;;;
crank;кривошип;;;;;;;;
crest;гребень;;;;;;;;
crooked hole;искривленная скважина;;;;;;;;
cross tee;крестовина (фонтанной арм.);;;;;;;;
cross threading ;заедание резьбы;;;;;;;;
crowfoot;ловильный инструмент для штанг;;;;;;;;
crown block;кронблок;;;;;;;;
cuttercasing cutter;труборезка;;;;;;;;
cutting ditch ;шламовый желоб;;;;;;;;
cutting laden mud;зашламованный буровой раствор;;;;;;;;
cutting of mud by gas;газирование бурового раствора;;;;;;;;
daily drilling instruction;инструктаж по проведению буровых работ;;;;;;;;
daily drilling progress;проходка суточная;;;;;;;;
dead and drum;барабан - якорь мертвого конца;;;;;;;;
dead man;якорь для крепления оттяжки вышки;;;;;;;;
dead weight indicator ;ГИВ (инд. веса) ;;;;;;;;
deadline anchor;крепление мертвого конуса;;;;;;;;
dead-line anchor;якорь мертвого конца;;;;;;;;
decanting centrifuge;фильтрующая центрифуга;;;;;;;;
deep drill-hole manometer;забойный глубинный манометр;;;;;;;;
deep well pump;насос глубинный ;;;;;;;;
deflcted well;наклонное бурение;;;;;;;;
deflecting tools;отклоняющие инструменты;;;;;;;;
deflection angle;угол отклонения скважины от вертикали;;;;;;;;
delivery line;выкидная линия;;;;;;;;
delivery of pumpdischarge of pump;производительность насоса;;;;;;;;
Dep. of  outfitting of Oil field;ПООМ производственный отдел обустройства месторождения;;;;;;;;
Dep. Of economics;ПЭО планово-экономический отдел;;;;;;;;
depleted reservoir;пласт истощенный;;;;;;;;
depletion;истощение;;;;;;;;
depletion drive reservoir ;месторождение с режимом растворенного газа;;;;;;;;
deposit, bed seam, pool of oil.;залежь;;;;;;;;
depositaccumulation;залежь;;;;;;;;
depositional trap;ловушка седиментационная;;;;;;;;
depression;впадина;;;;;;;;
Dept. Of Extending Pump Life;ТГПНО технологическая группа по наработке на отказ;;;;;;;;
derrick;вышка буровая;;;;;;;;
derrick belt;пояс верхового ;;;;;;;;
derrick floor;пол буровойб роторная;;;;;;;;
derrick floor;пол вышки;;;;;;;;
derrick guy;оттяжка вышек;;;;;;;;
derrick leg;нога вышки;;;;;;;;
derrick substructure;подвышечное основание ;;;;;;;;
derrickman;верховой;;;;;;;;
desander;пескоотделитель;;;;;;;;
descending velocity;скорость нисходящего потока ;;;;;;;;
desilter, mud cleaner;илоотделитель;;;;;;;;
dessanderdesanding device;пескоотделитель;;;;;;;;
detergents;моющие вещества;;;;;;;;
developed field;разбуренное месторождение;;;;;;;;
development  test;оценочная скважина;;;;;;;;
development drilling ;бурение эксплуатационное;;;;;;;;
development of the field;разработка (месторождения);;;;;;;;
deviation of the hole;искривление ствола скважины ;;;;;;;;
dewaxing;депарафинизация;;;;;;;;
diamond compact bit (DCB);долото с искусственным алмазом;;;;;;;;
diamond core bit;алмазная коронка;;;;;;;;
Diba-type kelly spinner (?);гидромотор квадрата;;;;;;;;
die collar;резьбовый колокол;;;;;;;;
die collarbox tap;колокол резьбовой;;;;;;;;
differential pr.;депрессия на пласт;;;;;;;;
differential pressure;перепад давления;;;;;;;;
dip of a stratum;падение пласта;;;;;;;;
direct digital logging;непосредственное получение диаграмм;;;;;;;;
directional drilling;наклонно направленное давление;;;;;;;;
directional drilling ;бурение наклонное ;;;;;;;;
directional log;диаграмма инклинометрии;;;;;;;;
directional surveying of wells;замер кривизны скважины;;;;;;;;
directional well;скважина направленная;;;;;;;;
discharge line;манифольд;;;;;;;;
discharge of pump;выкид насоса ;;;;;;;;
discharge pr.;давление на выкиде;;;;;;;;
discharge pressure;напор на выкиде;;;;;;;;
disk clutch;муфта дисковая;;;;;;;;
dismounting, rigging out, stripping off;д/ж демонтаж;;;;;;;;
displace;продавливать;;;;;;;;
displace water by oil;переводить на нефть;;;;;;;;
displacement pump;насос поршневой;;;;;;;;
displacing;вытесняющий;;;;;;;;
disposal well;поглощающая скважина;;;;;;;;
disrupted bed;нарушенный пласт;;;;;;;;
distortion;искажение;;;;;;;;
distribution unit;блок гребенки;;;;;;;;
disturbance;возмущение;;;;;;;;
divider;разъединитель (трубный);;;;;;;;
dog house;будка бурового мастера;;;;;;;;
dog leg;искривление ствола;;;;;;;;
dopper;смазыватель резьб;;;;;;;;
double acting pump;насос двойного действия;;;;;;;;
double jointdouble;двухтрубка;;;;;;;;
down annulus flush;затруб;;;;;;;;
downat (?);УГУ устьевой герметизатор;;;;;;;;
downhole electrical motor;ПЭД погружной электродвигатель;;;;;;;;
downhole logging;промысловые геофизические работы;;;;;;;;
downhole pumping equipment;ГНО глубинное насосное оборудование;;;;;;;;
drag;затяжка;;;;;;;;
drag bitwinged scraping bit;лопастное долото;;;;;;;;
drain ;сливной клапан;;;;;;;;
drainage area, bottomhole formation zone;ПЗП призабойная зона пласта;;;;;;;;
draw works;лебедка буровой установки;;;;;;;;
drawdown;депрессия;;;;;;;;
draw-down of the well;понижение уровня в скважине;;;;;;;;
dress fish;зачистить головку аварийного инструмента;;;;;;;;
drift bar;шаблон;;;;;;;;
drill;бур ;;;;;;;;
drill collar;утяжеленная бурильная труба;;;;;;;;
drill feed;подача долота;;;;;;;;
drill log;буровой разрез;;;;;;;;
drill log;буровой разрез;;;;;;;;
drill pipe;бурильная труба;;;;;;;;
drillability;буримость;;;;;;;;
drillable packer;разбуриваемый пакер;;;;;;;;
driller;бурильщик;;;;;;;;
driller’s console;пульт бурильщика;;;;;;;;
drillin time;время чистого бурения;;;;;;;;
drilling cable;бурильный канат;;;;;;;;
drilling clampcable clamp;зажим канатный (жемок);;;;;;;;
drilling control;регулирование скорости подачи долота;;;;;;;;
drilling crew ;буровая бригада;;;;;;;;
drilling engine;двигатель буровой;;;;;;;;
drilling fluid;промывочная жидкость;;;;;;;;
drilling hook up;монтажная схема бурового оборудования;;;;;;;;
drilling hose;шланг буровой;;;;;;;;
drilling in;вскрытие пласта;;;;;;;;
drilling in, drilling the pay;разбуривание продуктивного пропластка;;;;;;;;
drilling line;талевый канат;;;;;;;;
drilling line;талевый канат;;;;;;;;
drilling mud degasser;дегазатор бурового раствора;;;;;;;;
drilling practices;режим бурения;;;;;;;;
drilling report;рапорт по скважине;;;;;;;;
drilling rig;буровой станок;;;;;;;;
drilling rod;бурильная штанга;;;;;;;;
drilling shock absorber;наддолотный амортизатор;;;;;;;;
drilling stringdrilling shaft;бурильная колонна;;;;;;;;
drilling time;время механического бурения;;;;;;;;
drilling time l.;каротаж скорости проходки;;;;;;;;
drilling time log;диаграмма скорости проходки ;;;;;;;;
drilling tool substitute;переводник бурильного инструмента;;;;;;;;
drillpipe float valve;обратный клапан для бур. труб ;;;;;;;;
drive;вбивать;;;;;;;;
drive;пластовый режим;;;;;;;;
drive back;отводить;;;;;;;;
drive down;уменьшить обороты;;;;;;;;
drive down socket;оправка;;;;;;;;
drive out;выбивать;;;;;;;;
drive up;увеличить обороты;;;;;;;;
drivetransmission;привод;;;;;;;;
drooping of wells;бурение кустовое ;;;;;;;;
dropped ;аварийный;;;;;;;;
drum capacity;емкость барабана лебедки;;;;;;;;
drum hub;барабанная ступица, втулка;;;;;;;;
DTCO;компенс. Интервл время Р-волны us/m мкс/м;;;;;;;;
dual core barrel;двойной колонковый снаряд;;;;;;;;
dull bit;сработанное долото;;;;;;;;
dump bailer;желонка цементировочная;;;;;;;;
duration;продолжительность;;;;;;;;
dynomometer test;динамограмма;;;;;;;;
earth water;вода жесткая;;;;;;;;
eccentric bit;эксцентриковое долото;;;;;;;;
eddy, vortex ;вихрь;;;;;;;;
edge water;вода пластовая;;;;;;;;
efficiency;коэффициент полезного действия;;;;;;;;
electric centryfugal pump;насос погружной центробежный;;;;;;;;
Electric dewaxing unit , wax knife truck;СУЭПС самоодная установка самопрогрева скважины;;;;;;;;
electrical sumersible pump (ESP);ЭЦН электрический центробежный насос;;;;;;;;
electrical sumersible pump assembly;ЭПУ электрическая погружная установка;;;;;;;;
enema;клизма;;;;;;;;
Enterprise for operations support Vehicles ;УТТ управление технологического транспорта;;;;;;;;
Eon;геологическая эра;;;;;;;;
Equip. Rent and Repair Shop;ПРЦО прокатно-ремонтный цех экспл. Оборудования;;;;;;;;
ESP assembly;УЭЦН установка ЭЦН насос двигатель кабель ;;;;;;;;
estimated by the eye;на глаз;;;;;;;;
estimated capacity;производительность приблизительная ;;;;;;;;
evaluation logging;каротаж для определения продуктивности;;;;;;;;
expandable underreamer;пилотный расширитель;;;;;;;;
explorating drilling, wild-cut drilling, wildcutting;бурение разведочное;;;;;;;;
explosive packer;ВП взрывной пакер;;;;;;;;
extension welloutpost well;оконтуривающая скважина;;;;;;;;
eye ring;коуш, серька (?);;;;;;;;
face plate, chuck plate, surface plate;планшайба;;;;;;;;
factor of porosityfractional porosity;коэффициент пористости;;;;;;;;
failure;авария;;;;;;;;
fair leader;направляющий блок;;;;;;;;
fast line;ходовой конец;;;;;;;;
fast make up and break-out;быстросъемное соединение;;;;;;;;
fault block;блок сбросовый;;;;;;;;
feed control;регулятор подачи долота;;;;;;;;
feed gauge;расходомер;;;;;;;;
fell trees;валить лес;;;;;;;;
female tap, screw bell socket;ловильный колокол;;;;;;;;
FFNT;ННКт большой зонд, условные единицы  РРМ  У.Е.;;;;;;;;
field joint;монтажный стык;;;;;;;;
fieldpooldeposit;месторождение;;;;;;;;
filter losswater loss;водоотдача;;;;;;;;
final injection rate FIR;конечный объем подачи;;;;;;;;
final production rate FPR;конечный объем добычи;;;;;;;;
final well head pressure FWHP;конечное давление;;;;;;;;
fire brigade;ВПЧ военизиров. пожарн. часть;;;;;;;;
fireng pin;боек;;;;;;;;
fish head;голова аварийного инструмента;;;;;;;;
fishing bumper sub;переводник ударник;;;;;;;;
fishing job;ловильные работы;;;;;;;;
fishing magnet;ловильный магнит;;;;;;;;
fishing string;подвеска НКТ для ловильных работ;;;;;;;;
fishing well;аварийная скважина;;;;;;;;
fishtail bit;рыбий хвост;;;;;;;;
fix anchor;забурить якорь;;;;;;;;
flapper valve;тарельчатый цементировочный клапан;;;;;;;;
flat bottom mill;торцевой фрез;;;;;;;;
flint;кремень;;;;;;;;
float collar;муфта с обратным клапаном;;;;;;;;
float collat. ;обратный клапан для обсадной колонны;;;;;;;;
flouori metric bituminlogical analysis;анализ люминисцентно-битумный;;;;;;;;
flouorimetric  analysis;анализ люминисцентный;;;;;;;;
flow bean;фонтанный штуцер;;;;;;;;
flow bean;штуцер фонтанный;;;;;;;;
flow characteristics of mud;реологические свойства бурового раствора;;;;;;;;
flow detection;дефектоскопия;;;;;;;;
flow head;фонтанное оборудование ;;;;;;;;
flow line;желоб для раствора от буровой к ситу;;;;;;;;
flow line pressure FLP;давление на выходе;;;;;;;;
flow test;ГИС гидродинамическое исследование скважины;;;;;;;;
flowing pr.;давление фонтанирования;;;;;;;;
flowing production;Ф, ФОН фонтанный способ эксплуатации;;;;;;;;
flowline valve;линейная задвижка;;;;;;;;
flowproductionproduction rateoutput;дебит;;;;;;;;
fluid end;нагнетательный блок насоса;;;;;;;;
fluid or cement port;циркуляционное отверстие;;;;;;;;
fluid valve;клапан гидрокоробки;;;;;;;;
flush joint pipe;трубы с гладко-проходимыми соединениями;;;;;;;;
fold zone;зона складок;;;;;;;;
for way valve;четырехходовой кран;;;;;;;;
forced feedpressure feed;подача под давлением;;;;;;;;
forge-rolling;вальцевание;;;;;;;;
formation gas;газ пластовый;;;;;;;;
Formation pressure sustenance shop ;ЦППД цех поддержания пластового давления;;;;;;;;
formation tester;испытатель пласта;;;;;;;;
formation tester;опробыватель пласта;;;;;;;;
formation treatment;ОПЗП очистка призабойной зоны пласта;;;;;;;;
fractured reservoir;трещиноватый коллектор;;;;;;;;
fracture-evaluation log;каротаж пористости ;;;;;;;;
fracturing fluidbreakdown fluid;жидкость разрыва;;;;;;;;
frame;каркас;;;;;;;;
free of water;б/в  без воды;;;;;;;;
free wheeling stabilizer ;свободно вращающийся стабилизатор;;;;;;;;
free-fall opening device;пробка - бомба;;;;;;;;
freeze pointfrozen point;точка прихвата;;;;;;;;
friction clutch;муфта фрикционная;;;;;;;;
FTNP;кажущаяся пористость по 2ННКт (большой зонд)  Wнктб %;;;;;;;;
fuel oil;мазут;;;;;;;;
full bore;проходное сечение скважины;;;;;;;;
full hole drilling;бурение сплошным забоем;;;;;;;;
full hole joint;замок с широким проходным отверстием;;;;;;;;
full view mastA- mast;А - образная мачта;;;;;;;;
futage drilling;проходка бурением;;;;;;;;
gage;шаблон;;;;;;;;
gamma ray log;ГК гамма каротаж;;;;;;;;
gamma-ray l.;гамма каротаж;;;;;;;;
gamma-ray logging;гаммакаротаж;;;;;;;;
gas - oil contact;ГНК газонефтяной контакт;;;;;;;;
gas cap;газовая шапка;;;;;;;;
gas cap;шапка газовая;;;;;;;;
gas condensate field;месторождение газоконденсатное;;;;;;;;
gas controlled field;месторождение с газонапорным режимом;;;;;;;;
gas cut fluid;жидкость газированная;;;;;;;;
gas cut mud;газированный раствор;;;;;;;;
gas dehydratationgas dewatering;осушка газа;;;;;;;;
gas lift;газлифт;;;;;;;;
gas ratio;фактор газовый;;;;;;;;
gas separator;газосепаратор;;;;;;;;
gas shows;газопроявления;;;;;;;;
gas tight;газогерметичный;;;;;;;;
gas tight;газопроницаемый (?);;;;;;;;
gas trap;газосепаратор;;;;;;;;
gasket;прокладочное кольцо;;;;;;;;
gas-oil ratiogas factor;газовый фактор ;;;;;;;;
gasser;фонтан газовый;;;;;;;;
Gate valve;задвижка;;;;;;;;
gathering line;сборная линия;;;;;;;;
gathering of oil;сбор нефти;;;;;;;;
gel 10 min;напряжение статическое через 10 мин;;;;;;;;
gel initial;напряжение сдвига бурового раствора начальное;;;;;;;;
gel strengh;прочность геля;;;;;;;;
gel strength;предельное статическое напряжение;;;;;;;;
gelation;гелеобразование;;;;;;;;
gel-cement;гель цемент;;;;;;;;
gel-forming;гелеобразующий;;;;;;;;
gelled acid;кислота загущенная;;;;;;;;
geophisical prospecting ;разведка геофизическая;;;;;;;;
gin pole;стойка над кронблоком;;;;;;;;
girth;пояс вышки;;;;;;;;
gisher;фонтан;;;;;;;;
goose neck ;горловина вертлюга (гусак);;;;;;;;
GR;ГК естественная гамма активность породы ur/h мкр/ч;;;;;;;;
grab, latch on;заловиться;;;;;;;;
grain size   analysismechanical analysis;анализ грануломентрический;;;;;;;;
grant;концессия;;;;;;;;
gravity circulation;самотеком;;;;;;;;
grayloc  (?) connection ;болтовый хомут;;;;;;;;
GRES;коллекторский индекс КОЛ доли;;;;;;;;
ground water;вода грунтовая;;;;;;;;
guard electric log;каротаж с экранированным электродом;;;;;;;;
guard, rotary drive;ограждение цепи привода ротора;;;;;;;;
guide shoe;башмак направляющий;;;;;;;;
guide shoe;насадка башмака;;;;;;;;
guide track;направляющие полозья;;;;;;;;
gutter;канава, желоб;;;;;;;;
guy;оттяжка;;;;;;;;
GZ1;каж.сопротивление зонда А0.4М0.1N онмм омм;;;;;;;;
GZ2;каж.сопротивление зонда А1.0М0.1N онмм омм;;;;;;;;
GZ3;каж.сопротивление зонда А2.0М0.5N онмм омм;;;;;;;;
GZ3B;каж.сопротивление обращенного зонда N0.5M1.0N;;;;;;;;
GZ4;каж.сопротивление зонда А4.0М0.5N онмм омм;;;;;;;;
GZ5;каж.сопротивление зонда А8.0М1.0N онмм омм;;;;;;;;
half turn socket;ловильный обводной крючок;;;;;;;;
half turn socket;ловильный обводной крючок;;;;;;;;
hanging up;затяжка;;;;;;;;
hard facing;наварка твердым сплавом;;;;;;;;
hardening;заклинивание;;;;;;;;
heaving shale;обваливающиеся сланцы;;;;;;;;
high pressure;высокое давление;;;;;;;;
high pressure field;месторождение с высоким пластовым давлением;;;;;;;;
hinge;шарнир;;;;;;;;
hinger centralyser;обс. кол. централизатор;;;;;;;;
hit restriction;посадка;;;;;;;;
hitch;вахта;;;;;;;;
hoistdraw works;лебедка ;;;;;;;;
hoisting speed;скорость подъема;;;;;;;;
hole axis;ось скважины;;;;;;;;
hole clearance;зазор между обсадными трубами и стенками скважины;;;;;;;;
hole curvaturedeviation of the hole;степень искривления ствола скв. ;;;;;;;;
hole enlargement ;шахта под полом вышки, каверна;;;;;;;;
hole opener;пилотный расширитель;;;;;;;;
hole opener;расширитель шарошечный;;;;;;;;
hollow out;долбить ;;;;;;;;
hook loadhook load rating;нагрузка на крюке;;;;;;;;
hook up;схема монтажа;;;;;;;;
hookup;устройство;;;;;;;;
horizon, level;горизонт;;;;;;;;
horn socket;глухой шлипс для бурового инструмента;;;;;;;;
hot oiler truck;АДП агрегат депарафинизации ;;;;;;;;
hot oiler truck advanced;АДПМ агрегат депарафинизации модернизированный;;;;;;;;
housing;кожух;;;;;;;;
hydraulic cathad;гидрораскрепитель;;;;;;;;
hydraulic fracturing;разрыв пласта гидравлический;;;;;;;;
hydraulic HP bit;гидравлическая мощность, подводимая к долоту;;;;;;;;
hydraulic pr.;гидростатическое давление;;;;;;;;
hydraulic spear;гидравлическая труболовка;;;;;;;;
hydraulic weight indicator;ГИВ  гидравлический индикатор веса;;;;;;;;
hydrochloric acid;соляная кислота;;;;;;;;
hydrofilic, water wet;гидрофильный;;;;;;;;
hydrofluoric acid;фтористоводородная кислота;;;;;;;;
hydrofracturing;ГРП гидроразрыв пласта;;;;;;;;
hydrostatic head;напор гидростатический;;;;;;;;
ICV;текущий объем цемента метр куб.;;;;;;;;
IHV;текущий объем скважины метр куб.;;;;;;;;
impact air wrench;пневматический ключ;;;;;;;;
impact wrench;ключ для ударов;;;;;;;;
impeller;колесо рабочее;;;;;;;;
impermeability;непроницаемость;;;;;;;;
impervious ;непроницаемый;;;;;;;;
impression block;печать для скважин (свинцовая);;;;;;;;
in draft form;вчерне;;;;;;;;
in final form;вчистую;;;;;;;;
included gas;растворенный в нефти;;;;;;;;
increase (to) the pression;нагнетать давление;;;;;;;;
indifferent gas;газ нейтральный;;;;;;;;
induction l.;индукционный каротаж;;;;;;;;
inflatable packer ;надувной пакер;;;;;;;;
inflowinflux;приток;;;;;;;;
ingridient;добавка;;;;;;;;
initial flow;дебит начальный;;;;;;;;
initial injection rate IIR;начальный объем подачи;;;;;;;;
initial production rate IPR;начальный объем добычи;;;;;;;;
initial set;начало схватывания цемента;;;;;;;;
inject;закачивать;;;;;;;;
injecting surveys;определение приемистости;;;;;;;;
injection pr.;давление нагнетания;;;;;;;;
injection rate;скорость закачки (воды, газа);;;;;;;;
injection rate IR;подача закачки;;;;;;;;
injectivitywater-intake capability;приемистость скважины;;;;;;;;
inner graple;труболовка внутренняя;;;;;;;;
inserted join casing;трубы обсадные безмуфтовые;;;;;;;;
installation;монтаж;;;;;;;;
instantaneous blowout ;выброс мгновенный;;;;;;;;
intake;всасывание;;;;;;;;
integral casing connection;безмуфтовое соединение обс. Труб;;;;;;;;
interbedded;залегать прослойками;;;;;;;;
interference;взаимодействие;;;;;;;;
intermediate casing;техническая колонна;;;;;;;;
intermediate casing string;промежуточная колонна, техническая колонна;;;;;;;;
internal combustion pr.;двигатель внутреннего сгорания;;;;;;;;
internal flush tool joint;замок с полнопроходным отверстием;;;;;;;;
intersticesvoids;пустоты ;;;;;;;;
intervalzone;интервал;;;;;;;;
introduction;внедрение;;;;;;;;
iron rough neck;механизм АСП;;;;;;;;
isolation, water shut down;РИР ремонтно-изоляционные работы;;;;;;;;
isolationseal;изоляция;;;;;;;;
isopach;изопахита;;;;;;;;
isopiestic line;изопьеза;;;;;;;;
jack;домкрат;;;;;;;;
jack - tatch spear (?);щучья пасть;;;;;;;;
Jamin action;Жамена эффект;;;;;;;;
jar;ГУМ (ясс) гидравлический ударный механизм;;;;;;;;
jar up, down;бить ясом;;;;;;;;
jars;ясс ловильный;;;;;;;;
jaw;челюсть ключа ;;;;;;;;
jet bit;трехшарошечное гидромониторное долото;;;;;;;;
jet drilling;бурение гидромониторное;;;;;;;;
jet mixer;гидромониторный смеситель;;;;;;;;
jet perforatorshaped charge perforator;перфоратор кумулятивный;;;;;;;;
jet velocity;скорость промывочной струи (из насадки);;;;;;;;
joint of pipe;звено труб;;;;;;;;
junction;узел;;;;;;;;
junction box;эл. коробка;;;;;;;;
junk catcher;метано-уловитель;;;;;;;;
junk mill;цилиндрическая фреза;;;;;;;;
kelly;труба рабочая (квадрат);;;;;;;;
kelly - saver sub;предохранительный переводник под квадратом;;;;;;;;
kelly bushing;вкладыш под квадратную штангу;;;;;;;;
kelly drive ;вкладыши под квадрат;;;;;;;;
kelly valve;обратный клапан;;;;;;;;
kelly, griefstem;квадратная штанга;;;;;;;;
key holestratigraphic well;опорная скважина;;;;;;;;
key seat;желоб в стволе скважины;;;;;;;;
key seat wipers;противожелобный (?) калибратор;;;;;;;;
kick;поступление (проявление) флюида ;;;;;;;;
kick off sub;переводник отклонитель;;;;;;;;
kill a well;заглушить скважину;;;;;;;;
kill the well;заглушить скважину;;;;;;;;
knuckle joint;шаровая муфта;;;;;;;;
Kogalym Dep. For Geoph. Works;КУГР какое- то Управление геофизических работ;;;;;;;;
lack of roads;бездорожье ;;;;;;;;
ladder;маршевая лестница;;;;;;;;
landing collar;муфта для подвешивания колонны труб;;;;;;;;
landing depth;глубина спуска;;;;;;;;
landing depth;глубина спуска обсадной колонны;;;;;;;;
Landing headflange top;посадочная плита под обсадн.;;;;;;;;
landing ring;кольцо установочное;;;;;;;;
laquer;лак;;;;;;;;
latch - down plug ;пилотная пробка;;;;;;;;
latch on (to) a stand;прицепить свечу;;;;;;;;
latch type elevator;элеватор с защелкой (замкового типа);;;;;;;;
lateral logging;каротаж боковой ;;;;;;;;
lay down;демонтаж ЭНУ (?);;;;;;;;
lay down the pipe;выброс бурильных труб на мостки;;;;;;;;
laydown bad joints;отбраковывать трубы;;;;;;;;
leack-off test;опрессовка открытого стока скважины;;;;;;;;
lead line;приемная линия (от скважины к мернику);;;;;;;;
leg of the bit;лапа долота;;;;;;;;
lend;спускать на;;;;;;;;
length of stroke;длина хода плунжера;;;;;;;;
lens;линза;;;;;;;;
level indicator recorder;регистрирующий уровнемер;;;;;;;;
lift adapter;кермак;;;;;;;;
lift collarport collar;пусковая муфта;;;;;;;;
lift, hoist;подъемник;;;;;;;;
lifting subs and plugs;подъемные переводники;;;;;;;;
light - alloy drill pipes;ЛБТ легкосплавные буровые трубы;;;;;;;;
light crudehigh gravity oil ;нефть легкая;;;;;;;;
lime mud;известковый раствор;;;;;;;;
limited circulation;плохая циркуляция;;;;;;;;
line;линия;;;;;;;;
line;струна талевой оснастки;;;;;;;;
line string upline reeving (?);оснастка талей;;;;;;;;
liner;рубашка бурового насоса;;;;;;;;
liner;хвотовик (сетка) (?);;;;;;;;
liner hanger;подвеска хвостовика;;;;;;;;
liner puller;съемник втулок;;;;;;;;
lining;облицовка;;;;;;;;
link;штроп элеватора;;;;;;;;
link drive;привод через шарнир;;;;;;;;
links;штропа;;;;;;;;
LL3;БК кажущееся сопротивление зонда БК-3 онмм омм;;;;;;;;
load capacity;грузоподъемность;;;;;;;;
load oil;нефть, закачиваемая в пласт для вызова притока;;;;;;;;
location of well;расположение скважины;;;;;;;;
lock - down plug;нижняя замковая коробка;;;;;;;;
locking dog;запорная собачка;;;;;;;;
log;диаграмма каротажная;;;;;;;;
log pressure build up curve;снять КВД;;;;;;;;
logger;каротажный прибор;;;;;;;;
logging;ГИС геофизическое исследование скважины;;;;;;;;
logging;каротаж;;;;;;;;
logistic;МТО материально - техническое снабжение;;;;;;;;
logistics;снабжение;;;;;;;;
Logistics Dep.;ОМТЗ отдел мат. техн. снаб.;;;;;;;;
long lay wire rope;канат прямой свивки;;;;;;;;
long range;дальнобойный;;;;;;;;
low alloy steel;низколегированная сталь;;;;;;;;
low angle dip;падение пологое;;;;;;;;
low beams;ближний свет (?);;;;;;;;
low gravity oil;нефть тяжелая;;;;;;;;
low prod. Well;м/д малодебитная скважина;;;;;;;;
lump, clod;глыба;;;;;;;;
mace a connection;наращивать бурильный инструмент;;;;;;;;
magnetic clutch;электромагнитная муфта;;;;;;;;
main pay;пропласток продуктивный, главный;;;;;;;;
maintenance;обслуживание оборудования;;;;;;;;
maintenance  of mudmud control;регулирование свойств бурового раствора;;;;;;;;
maintenance of circulation;поддержание циркуляции;;;;;;;;
maintenance work;ремонт текущий;;;;;;;;
make up or secure well head;герметизация устья;;;;;;;;
make up torque meter and limiter;моментомер и ограничитель ;;;;;;;;
make up well head;герметизация устья;;;;;;;;
manual tong;машинный ключ;;;;;;;;
many stagedmultistage;многоступенчатый;;;;;;;;
marginal well;малодебитная скважина;;;;;;;;
master bushing;роторные вкладыши;;;;;;;;
master control gatemuster valve;задвижка фонтанная (основная);;;;;;;;
master valve;коренная задвижка;;;;;;;;
material requisition;заявка;;;;;;;;
MCAL;МДС диаметр каверномера мм;;;;;;;;
metal muncher (?);разбуриватель металла;;;;;;;;
microlog;микрокаротаж;;;;;;;;
mill shoe;кольцевой фрез;;;;;;;;
MINV;МГЗ каж. сопротивление по микроградиент зонду онмм омм;;;;;;;;
MLL;МБК каж. Сопротивление микробоковой каротаж онмм омм;;;;;;;;
MNOR;МПЗ каж. Сопротивление микропотенциал зонду онмм омм;;;;;;;;
Mobil Enterprise of Construction and Mounting;СПМК строительная передвижная механизированная колонна;;;;;;;;
module building;УНИМО универсальный модуль (тип общежития);;;;;;;;
mondrel socket;оправка с воронкой для ловли обсадных труб;;;;;;;;
monkey bord;балкон;;;;;;;;
monthly rig progress;коммерческая скорость;;;;;;;;
mouse hole;штуцер для двухтрубки;;;;;;;;
move of the rig;перебазировка буровой;;;;;;;;
mud;глинистый раствор;;;;;;;;
mud acid;кислота грязевая;;;;;;;;
mud agitator;растворомешалка;;;;;;;;
mud balance;весы для бурового раствора;;;;;;;;
mud bucket ;юбка против разбрызгивания;;;;;;;;
mud check valve;запорный клапан в квадрате;;;;;;;;
mud column;столб бурового раствора;;;;;;;;
mud gun, fixed (?);пистолет;;;;;;;;
mud l.;газовый каротаж;;;;;;;;
mud line;грязевая линия;;;;;;;;
mud line manifold ;обвязка буровых насосов;;;;;;;;
mud logging;газовый каротаж;;;;;;;;
mud loss;поглощение раствора;;;;;;;;
mud mixing hopper;воронка для приготовления бурового раствора;;;;;;;;
mud reclamation;регенерация бурового раствора;;;;;;;;
mud relif valve;предохранительный клапан бурового насоса;;;;;;;;
mud return ditch;желоб для бурового раствора;;;;;;;;
mud return line;линия выхода раствора;;;;;;;;
mud rings;отложение глинистой корки в некоторых интервалах;;;;;;;;
mud saver kelly valve ;защитный переводник под квадрат с клапаном;;;;;;;;
mud spacer;буферная жидкость;;;;;;;;
mud tank connections;соединения емкостей;;;;;;;;
mud tankmud pit;емкость для бурового раствора;;;;;;;;
mud up;заглинизировать;;;;;;;;
mud valve;задвижка манифольдная;;;;;;;;
mud valve;задвижка на выкиде;;;;;;;;
mudding off;глинизация;;;;;;;;
multiple-packing;грязевое уплотнение вертлюга;;;;;;;;
multispaced neutron logging;каротаж нейтронный с различным расстоянием;;;;;;;;
multyphase;многофазный;;;;;;;;
multysegment collar;клинья многосегментные под УБГ (?);;;;;;;;
native mud;наработанный буровой раствор;;;;;;;;
nature of flow;режим потока;;;;;;;;
navigation drilling;ориентированное бурение;;;;;;;;
needle valve;игольчатый клапан;;;;;;;;
neutron Brons logging;каротаж брон-нейтронный ;;;;;;;;
neutron l.;нейтронный каротаж;;;;;;;;
neutron- neutron l.;Нейтрон- нейтронный каротаж;;;;;;;;
nipple;патрубок;;;;;;;;
noise log;шумовой каротаж;;;;;;;;
non ferrous metal;цветной металл;;;;;;;;
non-commercial;непромышленный;;;;;;;;
non-commercial well;малопродуктивная скважина;;;;;;;;
nonsteady flow;нестационарный режим потока;;;;;;;;
normal block time;нормы времени на выполнение операций;;;;;;;;
nuclear - magnetic logging;каротаж ядерно -магнитный ;;;;;;;;
NUE non upset ends;НВК  с невысаженными наружу концами;;;;;;;;
office - residential complex;АБК административно-бытовой комплекс;;;;;;;;
offshore drilling;бурение морское ;;;;;;;;
offshore rig;морской буровой станок;;;;;;;;
Oil and gas production shop;ЦДНГ цех добычи нефти и газа;;;;;;;;
Oil conditioning and pumping shop;ЦППН цех подготовки и перекачки нефти;;;;;;;;
oil conditioning plqnt;КСП конечная станция подготовки нефти;;;;;;;;
oil conditioning unit;УКПН установка комплексной подготовки нефти;;;;;;;;
oil emulsion drilling fluid;раствор нефтеэмульсионный;;;;;;;;
oil equipment;оборудование нефтяное;;;;;;;;
oil gashed out;забил фонтан нефти;;;;;;;;
oil in place;нефть пластовая;;;;;;;;
oil inflow stimulation;ПНП повышение нефтеотдачи плпаста;;;;;;;;
oil pool;залежь нефтяная;;;;;;;;
oil production rate OIL;добыча нефти;;;;;;;;
oil productioncrude production;добыча нефти;;;;;;;;
oil shale;горючие сланцы;;;;;;;;
oil showing;проявление нефтяное;;;;;;;;
oil struck at ....;нефть, встреченная на глубине;;;;;;;;
oil sump;амбар земляной для нефти;;;;;;;;
oil water cont. WOCexternal upset ends EUE;ВНК  водонефт. контакт           выс.нару.конц. (?);;;;;;;;
oil-bearingpetroliferous;нефтеносный;;;;;;;;
oil-soaked rock;пропитанная нефтью порода;;;;;;;;
oil-water contact;водонефтяной контакт;;;;;;;;
on site injection pump unit;КНС кустовая насосная станция;;;;;;;;
open flow;свободное фонтанирование;;;;;;;;
open hole;открытый ствол;;;;;;;;
operation fluid;рабочая жидкость;;;;;;;;
operation pr.;рабочее давление;;;;;;;;
operations;работы;;;;;;;;
orienter;ориентатор;;;;;;;;
outcropping, basset;выход на поверхность;;;;;;;;
outer grapple;труболовка внешняя;;;;;;;;
over pr.;избыточное давление;;;;;;;;
overhoul;ремонт капитальный;;;;;;;;
overlying;вышележащий;;;;;;;;
overlying stage;вышележащий ярус;;;;;;;;
overpull;затяжка ;;;;;;;;
overshot;овершот;;;;;;;;
pack off;универсальный герметизатор устья;;;;;;;;
packer rtriever;лов. bнструмент для подъема разбур. пакера;;;;;;;;
packing ring;кольцо уплотняющее;;;;;;;;
packing unit;уплотняющий элемент для универсального превентора;;;;;;;;
paker with safety valve;пакер отсекатель;;;;;;;;
pallet;поддон;;;;;;;;
paraffin knife;парафиновый нож;;;;;;;;
parafine treatment with hexin;УПГ удаление парафина гексином;;;;;;;;
part fish;сорвать авар. Колонну с прихвата;;;;;;;;
parted rods replacement;ЛОШ ликвидация обрыва штанг;;;;;;;;
partial pr.;парциальное давление;;;;;;;;
parting of casing;разрыв обсадной колонны;;;;;;;;
passage rotor seal ;муфта подвода воздуха;;;;;;;;
pattern of well spacing;сетка размещения скважин;;;;;;;;
pay;продуктивный пласт;;;;;;;;
PDM motor (Positive Displasement Motor);объемный забойный двигатель ;;;;;;;;
pebble bed;галечник;;;;;;;;
perforated interval;ИП интервал перфорации;;;;;;;;
perforating equipment;ПВА престрелочно взрывная аппаратура;;;;;;;;
perforating job;ПВР престрелочно взрывные работы;;;;;;;;
perforatorcasing gun;перфоратор;;;;;;;;
permafrost;вечная мерзлота;;;;;;;;
permeability profile log;профиль проницаемости;;;;;;;;
pick up off (to) bottom;подорвать долото;;;;;;;;
pilot bit;пилотное долото;;;;;;;;
pin end, pin thread;наружная резьба;;;;;;;;
pin sub;ниппельный перевод;;;;;;;;
pin tap;метчик - калибр;;;;;;;;
pinion drive;шестеренная передача;;;;;;;;
pipe rack;мостки для труб;;;;;;;;
pipe ram;трубные плашки;;;;;;;;
pipe ram;трубные плашки;;;;;;;;
pipe setback floor;подсвечник;;;;;;;;
pipe wiper;Обтиратор (?) ;;;;;;;;
piston rod;шток;;;;;;;;
pitch;шаг резьбы;;;;;;;;
plugged back;искусственный забой;;;;;;;;
plugging;закупорка песком;;;;;;;;
plugging;тампонаж;;;;;;;;
plunger displacementstroke;ход плунжера;;;;;;;;
plunger is catching in;застревать ;;;;;;;;
plunger pump;насос плунжерный;;;;;;;;
plunger, piston;плунжер;;;;;;;;
pneumatic hose;шланг воздушный;;;;;;;;
POOH side ways;подъем с укладкой на мостки;;;;;;;;
pop valve;выпускной клапан;;;;;;;;
pop-off valve;предохранительный клапан ;;;;;;;;
portable drilling rig;передвижной буровой станок;;;;;;;;
ported valve;сбивной клапан;;;;;;;;
ported valve;сбивной клапан;;;;;;;;
power brake;механический тормоз;;;;;;;;
power rig;буровая на дизелях;;;;;;;;
power slip;автоматический клиновидный захват ;;;;;;;;
power swivel;приводной вертлюг;;;;;;;;
preparation completion work;ПЗР подготовительно-завершающие работы ;;;;;;;;
preparation to workover;ПКР подготовка к капитальному ремонту;;;;;;;;
press-fitted;запрессовка;;;;;;;;
pressure build up ;рост давления;;;;;;;;
pressure build up curve;КВД кривая восстановления давления;;;;;;;;
pressure drop;падение давления;;;;;;;;
pressure increase;увеличение давления;;;;;;;;
pressure level-off;стабилизация давления;;;;;;;;
pressure loss;потери давления;;;;;;;;
pressure maintenance,repressing ;поддержание давления;;;;;;;;
pressure valve;нагнетательный клапан;;;;;;;;
primacord;детонирующий шнур;;;;;;;;
primary pacing assembly;первичное уплотнение (обсадн.);;;;;;;;
process and parametres chart;режимно-технологическая карта;;;;;;;;
producting zone;зона продуктивная ;;;;;;;;
Production Dep.;ОР отдел разработки;;;;;;;;
Production Engineering Dep.;ТОДН технологический отдел добычи нефти;;;;;;;;
production from flowing;добыча фонтанная;;;;;;;;
production methods;методы эксплуатации ;;;;;;;;
production rate PR;добыча;;;;;;;;
production string;эксплуатационная колонна;;;;;;;;
productive capacity;отдача пласта;;;;;;;;
prolific well;многодебитная скважина;;;;;;;;
promising;перспективный;;;;;;;;
prong;крючок ерша;;;;;;;;
prong spear;ловильный ерш;;;;;;;;
propping agent;расклинивающий агент (при гидроразрыве);;;;;;;;
prospecting (test) well;поисковая скважина;;;;;;;;
proved area;площадь разведанная;;;;;;;;
proximity log;боковое  микрозондирование ;;;;;;;;
pry;рычаг;;;;;;;;
pull;вытяжка;;;;;;;;
pull into derrick;затаскивать трубы в вышку;;;;;;;;
pull tension on casing ;натянуть обсадные трубы после цементажа;;;;;;;;
pull up;поднять из скважины;;;;;;;;
pulling;подъем инструмента (в бурении);;;;;;;;
pulling the tubing;подъем НКТ;;;;;;;;
pullout of hole (POOH);й подъем из скважины;;;;;;;;
pulsation dampener diaphragm;диаграмма компенсатора для насоа;;;;;;;;
pulsed neutron capture logging;каротаж методом захвата;;;;;;;;
pump is down on overload;насос отключился из-за перегрузки;;;;;;;;
Pump jack repair cent.;АРОК агрегат для ремонта и обслуживания качалок;;;;;;;;
pump manifold;обвязка насосов;;;;;;;;
pump off;откачивать;;;;;;;;
pump runner;колесо центробежного насоса;;;;;;;;
pump suction;прием насоса;;;;;;;;
pumping;насосный ;;;;;;;;
pumping jack;насос качалка;;;;;;;;
pumping room;насосная;;;;;;;;
pup joint;трубка тампонажная;;;;;;;;
pup joint (pup = щенок);патрубок;;;;;;;;
putting into operation;ввод в действие;;;;;;;;
PZ;ПЗ каж.сопротивлени по потенциал зонду А0.5М6.0N онмм омм;;;;;;;;
quick release valve;клапан разрядник;;;;;;;;
rack;стеллаж для труб;;;;;;;;
rack and gear drive;реечная передача;;;;;;;;
racker (?) arm;рука автомата подачи свечей;;;;;;;;
racker arm;подающая свечи рука;;;;;;;;
racking of drill pipe;затаскивание бур. Труб в вышку;;;;;;;;
RAD1;радиус по каверномеру многорычажному мм;;;;;;;;
RAD2;радиус по каверномеру многорычажному мм;;;;;;;;
RAD3;радиус по каверномеру многорычажному мм;;;;;;;;
RAD4;радиус по каверномеру многорычажному мм;;;;;;;;
raise to the n-th power;возводить в эн-ую степень;;;;;;;;
ram;гидроцилиндр;;;;;;;;
ram;плунжер насоса;;;;;;;;
ramp;подъемные мостки;;;;;;;;
randomly;вразброс;;;;;;;;
rat hole;шурф под квадрат;;;;;;;;
rate of drillingcutting speed;скорость проходки;;;;;;;;
rate of penetration;скорость бурения;;;;;;;;
rate of penetration log;каротаж механическое скорости проходки;;;;;;;;
rate of production maximum efficient rate (MER);норма отбора;;;;;;;;
rated;номинальный;;;;;;;;
rated;расчетный;;;;;;;;
RB;РС сопротивление промывочной жидкости онмм омм;;;;;;;;
reamer;калибратор роликовый;;;;;;;;
reamer;расширитель;;;;;;;;
reciprocate the casing;расхаживать колонну труб;;;;;;;;
recovery of casing;извлечение обсадных труб из скважины (при ликвидации);;;;;;;;
redrilling;перебуривание;;;;;;;;
reducer;муфта переводная;;;;;;;;
re-entry guide;направляющая воронка;;;;;;;;
register;ведомость;;;;;;;;
regular tool joint;замок бурильный нормальный;;;;;;;;
reinforce cement;арматура;;;;;;;;
release valve;предохранительный, перепускной клапан;;;;;;;;
releasing socket;освобождающийся шлипс;;;;;;;;
remote control;дистанционное управление;;;;;;;;
removableretrievable;съемный ;;;;;;;;
repair;ремонт ;;;;;;;;
reserves;запасы (нефти, газа и т.д.);;;;;;;;
reservoir pr.;пластовое давление;;;;;;;;
resistively l.;каротаж по методу сопротивления;;;;;;;;
restoring lost circulation;восстановление циркуляции при поглощении раствора;;;;;;;;
resumption;возобновление деятельности;;;;;;;;
retainer;стопор;;;;;;;;
retarded cementslow - setting cement;цемент с замедленным сроком схватывания;;;;;;;;
retarder;замедлитель схватывания цемента;;;;;;;;
retrievable packer;съемный пакер;;;;;;;;
return flushreverse circulation;циркуляция обратная;;;;;;;;
return of drilling mud;выход циркуляционного раствора ( на поверхность);;;;;;;;
return ratr RR;расход выхода;;;;;;;;
reverse circulation junk baskets ;металлоуловитель с обратной циркуляцией;;;;;;;;
reversible;двухсторонний;;;;;;;;
RHOB;объемная плотность породы по ГГКП G/C3  г/см.куб.;;;;;;;;
rig down;демонтировать буровую;;;;;;;;
rig out;демонтировать;;;;;;;;
rig time;время бурения(общее);;;;;;;;
rig up for operation;ПЗР;;;;;;;;
rig up for trip;ПЗР для СПО;;;;;;;;
rig up, assemble, nipple up, make up;м/ж монтаж;;;;;;;;
rigging up;монтаж буровой установки;;;;;;;;
right- hand joint;правая нарезка резьбы;;;;;;;;
rigid bottom hole assembly;утяжеленный низ буровой колонны;;;;;;;;
rivet joint;заклепочное соединение;;;;;;;;
rock pr.;горное давление;;;;;;;;
rock salt;каменная соль;;;;;;;;
rod;штанга;;;;;;;;
rod;шток;;;;;;;;
rod parting;ОШ обрыв штанг;;;;;;;;
roller kelly bushing;клинья под квадрат;;;;;;;;
roller reamer;расширитель роликовый;;;;;;;;
rotary drilling hose;шланг грязевой;;;;;;;;
rotary hook;крюк подъемный;;;;;;;;
rotary hose;шланг гибкий;;;;;;;;
rotary pump;центробежный насос;;;;;;;;
rotary slip;роторные клинья под инструмент;;;;;;;;
rotary speed;скорость вращения ротора;;;;;;;;
rotary taper, tap;метчик;;;;;;;;
rotating drilling head;вращающая буровая головка;;;;;;;;
rotation torque;момент вращение инструмента;;;;;;;;
round trip;спуск - подъем инструмента;;;;;;;;
rubber hose;шланг резиновый;;;;;;;;
rulo of thump;правило на практике (?);;;;;;;;
run (to) a casing;обсаживать;;;;;;;;
run around;балкон вышки;;;;;;;;
run bare foot;эксплуатация с открытым необсаженным пластом;;;;;;;;
run in (to) a stand;наращивать свечу;;;;;;;;
run in hole (RIH);кспуск в скважину;;;;;;;;
runaround;балкон вышки;;;;;;;;
running against pressure;спуск труб при давлении в скважине;;;;;;;;
running end;конец ходовой (таль - канат);;;;;;;;
running in;приработка алмазной коронки на малой скорости;;;;;;;;
running speed;скорость спуска инструмента;;;;;;;;
runround trip;рейс инструмента;;;;;;;;
runway;взлетная полоса;;;;;;;;
rurge (?);пульсация;;;;;;;;
RWAT;остаочная водонасыщеннось  доли Кв SRW;;;;;;;;
safe;допускаемый;;;;;;;;
safeby factor;запас прочности;;;;;;;;
safety chain;предохранительная цепь бурового шланга;;;;;;;;
safety clamp;вильсоновский хомут;;;;;;;;
safety interlock;автоблокировка;;;;;;;;
safety joint;безопасный переводник;;;;;;;;
Safety rules;ПГБ правила техники безопасности;;;;;;;;
safety rules;правила техники безопасности;;;;;;;;
sag;провисание (ремня, труб);;;;;;;;
salt - dome well;солянокупольная скважина;;;;;;;;
salt brine;рассол;;;;;;;;
salt plugs;залежь соляных истоков (?);;;;;;;;
sampling;отбор керна;;;;;;;;
sand collector;отстойник для песка;;;;;;;;
sand fill;отсыпка песчаная;;;;;;;;
sand filter;песочный фильтр;;;;;;;;
sand line;канат малой лебедки;;;;;;;;
sand screeningsand screen-outsand fall out;выпадение песка (из жидкости разрыва);;;;;;;;
sanding up;образование песчаных пробок;;;;;;;;
satelite, sputnik;ГЗУ групповая замерная установка;;;;;;;;
saturation pr.Bubble point pr.;давление насыщения;;;;;;;;
scale;гамма;;;;;;;;
screen analysis ;анализ фракционный ;;;;;;;;
screen liner;хвотовик с кр. отверстиями;;;;;;;;
screen separator;вибросито;;;;;;;;
screw (to) on;навинтить;;;;;;;;
screw in;ввертывать;;;;;;;;
SD type elevator;под конус (?);;;;;;;;
SDOL;коэффициент доломитизации Кдол доли;;;;;;;;
SDS type el.;дырка с замком прямой;;;;;;;;
sealed-bearing bit;долото с герметизированной опрой;;;;;;;;
sealing;герметизация;;;;;;;;
sealing ring;кольцо прокладочное;;;;;;;;
seamless;бесшовный ;;;;;;;;
search of oil;поиски нефти;;;;;;;;
seat;седло (насоса);;;;;;;;
seating nipple;седло опресовочное;;;;;;;;
secondary recovery;вторичная добыча;;;;;;;;
sectional;разборный;;;;;;;;
sedimentation tank;отстойник;;;;;;;;
seepages of oil, gas;грифон;;;;;;;;
seismic prospecting;разведка сейсмическая;;;;;;;;
seize;клинить;;;;;;;;
self - releasing;самоосвобождающийся;;;;;;;;
service facility;БПО  база пр. обсл.;;;;;;;;
service rig;установка для ремонта скважин;;;;;;;;
servicing of wells;обслуживание скважины;;;;;;;;
set of standard operations;СНО стандартный набор операций;;;;;;;;
setting depth;установочная глубина;;;;;;;;
setting pit;отстоечная емкость;;;;;;;;
setting tool;установочное приспособление;;;;;;;;
settling rate;скорость осаждения;;;;;;;;
SGL;коэффицикнт глинистости Кгл доли;;;;;;;;
shale shaker;вибрационное сито;;;;;;;;
shat down;б/д бездействующий (о скв.);;;;;;;;
shat in a well;остановить скважину;;;;;;;;
shatt-off;выключение;;;;;;;;
shear ram;срезные плашки;;;;;;;;
shear strength;напряжение сдвига (статическое);;;;;;;;
shearing blind ram;срезная плашка;;;;;;;;
sheave;блок, шкив;;;;;;;;
sheave;шкив;;;;;;;;
shielded - electrode logging;каротаж с экранированным электродом ;;;;;;;;
shoot;торпедировать;;;;;;;;
shop for protective coating and overhaul repairs of engineering structures;ЦАР и КРТС цех антикоррозийных покрытий и капитального ремонта технических сооружений ;;;;;;;;
Shop for water and Heat supply;ЦТВС цех тепловодоснабжения;;;;;;;;
shop for water and steam;ЦПВС цех паро-водоснабжения;;;;;;;;
Shop for well preparation to workover ;ЦПС к Р цех подготовки скважин к ремонту;;;;;;;;
shoulder of hole;уступ в стволе скважины;;;;;;;;
shut - off valve;клапан отсекатель;;;;;;;;
shut in pressure;давление на приеме насоса;;;;;;;;
shut off;закрытие;;;;;;;;
shut off, valve;задвижка;;;;;;;;
side tracking;забуривание нового ствола;;;;;;;;
side tracking;уход в сторону;;;;;;;;
side-tracking bit;долото для ухода в сторону;;;;;;;;
sieve residue l. (S.R.L.);каротаж по выбуренной породе;;;;;;;;
sieve residue log;каротаж по выбуренной породе;;;;;;;;
silt stone;алевролит;;;;;;;;
single;однотрубка;;;;;;;;
single stage;одноступенчатый;;;;;;;;
sinker bar;штанга для сваба;;;;;;;;
size analysisscreen analysis;анализ ситовой;;;;;;;;
size of the hole;диаметр скважины;;;;;;;;
sized pump;заклинивший насос;;;;;;;;
SJ (?) type tl.;под колонну малый прямой;;;;;;;;
SJS type el.;под колонну малый конусный ;;;;;;;;
skid mounted;на салазках;;;;;;;;
skin - effect;скин эффект;;;;;;;;
skirted mill;фрез с колоколом (юбкой);;;;;;;;
slacking off ;посадка колонны;;;;;;;;
slant hole;наклонная скважина;;;;;;;;
slide tongs;клещи для труб;;;;;;;;
sling;строп;;;;;;;;
slip and elevator recess;выточка под элеватор и клинья;;;;;;;;
slip seal casing hammers;Клиновое уплотнение колонной подвески;;;;;;;;
slip socket;ловильный шлипс;;;;;;;;
slip socket;шлипс;;;;;;;;
slips;клинья для захвата труб;;;;;;;;
slotted liner;хвотовик щкелевой;;;;;;;;
slotted liner (pipe);фильтр щелевой;;;;;;;;
sloughing;осыпание породы;;;;;;;;
slurry;тесто цементное жидкое;;;;;;;;
slush;жижа;;;;;;;;
slush pit, mud pit;амбар для бурового раствора;;;;;;;;
slush pump;буровой насос;;;;;;;;
snapping back of drill pipe;раскручивание бурильных труб;;;;;;;;
soft rock;порода мягкая;;;;;;;;
solids-carrying capacity;удерживающая способность бурового раствора;;;;;;;;
sonic log;акустический каротаж;;;;;;;;
sound l.;сейсмический каротаж;;;;;;;;
sound loggingvelocity l.acoustic l.;акустический каротаж;;;;;;;;
sour crude;нефть сернистая;;;;;;;;
sour gas ;газ высокосернистый;;;;;;;;
source bed;нефтематеринская порода;;;;;;;;
SP;ПС естественная самополяризация мv;;;;;;;;
spacer;продавочная жидкость;;;;;;;;
spacing interval;расстояние между скважинами;;;;;;;;
spear;труболовка;;;;;;;;
spent acid;кислота отработанная;;;;;;;;
spicer rod;полуштанга;;;;;;;;
spider valve;ПСМ переключатель скважин механический;;;;;;;;
spinning chain;цепь на ворота;;;;;;;;
splicing of wire rope;сращивание каната;;;;;;;;
split casing bushing (?);вкладыши для разъема роторного стола;;;;;;;;
spoilage, reject;брак;;;;;;;;
spooling;навивка каната;;;;;;;;
spot oil;нефтяная ванна для освобождения инструмента;;;;;;;;
spotty pay;пропластки;;;;;;;;
sprocked chain;втулочно - роликовая цепь;;;;;;;;
spudding;начало бурения скважины;;;;;;;;
squize cem.cem. under pressure;цементирование под давлением;;;;;;;;
SRP assembly;УШГН установка ШГН;;;;;;;;
SSAN;коэффициент песчанистости Кпес доли;;;;;;;;
stabbing valve;обратный клапан под квадрат;;;;;;;;
stacking capacity of derrick;емкость вышки (по свечам);;;;;;;;
stacking of drill pipe;установка бурильных труб;;;;;;;;
stage cementing;ступенчатое цементирование;;;;;;;;
stage cementing;ступенчатое цементирование;;;;;;;;
stand of drill pipe;свеча бурильных труб;;;;;;;;
standart tool joint;замок с нормальным проходным отверстием;;;;;;;;
standing valve;всасывающий клапан глуб. Насоса;;;;;;;;
State Mining and Technical Inspection;ГГТН  Госгортехнадзор;;;;;;;;
steady-state flow;стационарный режим потока;;;;;;;;
steamer;ППУ;;;;;;;;
steamer truck;ППУ передвижная паровая установка;;;;;;;;
steep dip;крутое падение;;;;;;;;
steep slope;крутой склон;;;;;;;;
steps;лестница;;;;;;;;
sticking of toolfreezing;прихват инструмента в скважине;;;;;;;;
stimulation;воздействие на пласт;;;;;;;;
sting into fish;зайти за голову аварийного инструмента;;;;;;;;
straight hole;вертикальная скважина;;;;;;;;
strainer;фильтр для скважины;;;;;;;;
strainer screen;сетчатый фильтр;;;;;;;;
strap;жгут ;;;;;;;;
strap in hole  SIH;замер длины спускаемых труб;;;;;;;;
stratigraphic trap;ловушка стратиграфическая;;;;;;;;
string;колонна (труб);;;;;;;;
string rods;колонна насосных штанг;;;;;;;;
stripped well;истощенная скважина;;;;;;;;
stroke, piston stroke;ход поршня;;;;;;;;
strong acid;крепкая кислота;;;;;;;;
strtch;растяжение;;;;;;;;
structural conditions;условия залегания;;;;;;;;
stubbier;центратор обсадной колонны;;;;;;;;
stuck;прихваченный в скважине (инструмент);;;;;;;;
study of production casing string;ОТСЭК определение технического состояния обсадной колонны;;;;;;;;
stuffing;набивка сальника;;;;;;;;
stuffing box;коробка сальника;;;;;;;;
sub - salt well;подсолевая скважина;;;;;;;;
subadaptercasing substitute;переводник;;;;;;;;
submersible;погружной;;;;;;;;
substructure, draw works;основание под буровую лебедку;;;;;;;;
substructure, rump;площадка наклонная;;;;;;;;
subsurface;подземный;;;;;;;;
subsurface pump;глубинный насос;;;;;;;;
sucker rod pump;насос штанговый;;;;;;;;
sucker rod pump;ШГН штанговый глубинный насос;;;;;;;;
sucker rod socket;ловитель насосных штанг;;;;;;;;
suction head;высота всасывания насоса;;;;;;;;
suction line;всасывающая труба;;;;;;;;
suction line;приемная линия буровых насосов (всас);;;;;;;;
suction pump;насос вакуумный;;;;;;;;
suction tank;приемная емкость;;;;;;;;
sump;зумпф;;;;;;;;
supplyfeed;подача;;;;;;;;
surface casingsurface pipe;кондуктор;;;;;;;;
surface connection;обвязка наземного оборудования;;;;;;;;
surface hole drilling ;бурение под кондуктор;;;;;;;;
surface tensioninterfacial tension;натяжение поверхностное;;;;;;;;
surge chamber;компенсатор (у насоса);;;;;;;;
surge damper;амортизатор;;;;;;;;
suspension;консервация;;;;;;;;
suspension system;система подъема;;;;;;;;
sustenance formation pressure;ППД поддержание пластового давления;;;;;;;;
SW;коэффициент водонасыщенности Кв;;;;;;;;
swab valve;верхняя задвижка фонтанной арматуры;;;;;;;;
swelling;набухание;;;;;;;;
swing joint;колена тампонажные;;;;;;;;
swing-away horse head;голова качалки;;;;;;;;
swivel;вертлюг;;;;;;;;
swivel bail;серьга вертлюга;;;;;;;;
swivel joint;колена с вертлюгами;;;;;;;;
table drive;привод ротора;;;;;;;;
tag bottom;отбивка забоя;;;;;;;;
tag with impression box;посадить печать на голову скв. ;;;;;;;;
tail pipe;хвостовая часть колонны;;;;;;;;
take effect;возыметь действие;;;;;;;;
tally book;журнал для регистрации труб;;;;;;;;
tank truck;автоцистерна;;;;;;;;
tap screw grab;метчик ловильный;;;;;;;;
taper;конус 1:12   (?);;;;;;;;
taper mill;конусный фрезер;;;;;;;;
tapered casing string;комбинированная колонна обсадных труб;;;;;;;;
tapped;нарезной;;;;;;;;
tappered;конический;;;;;;;;
teardown;демонтаж;;;;;;;;
teeth of the bit;зубья долота ;;;;;;;;
temporary depth;текущий забой;;;;;;;;
tensil yield strength;предел текучести при растяжении;;;;;;;;
tensile strength ;предел прочности на разрыв;;;;;;;;
test plug;тестовая пробка;;;;;;;;
tester;опробыватель ;;;;;;;;
testing of wells;исследование скважины;;;;;;;;
texrope;клиноременная передача;;;;;;;;
thickening;загустевание;;;;;;;;
thickening agent;загуститель;;;;;;;;
thickening of mud;загустевание бурового раствора;;;;;;;;
thickness of bed;мощность пласта;;;;;;;;
thief zonelost circulation zone;зона поглощения бурового раствора;;;;;;;;
thin mud;жидкий раствор;;;;;;;;
thinner;понизитель вязкости;;;;;;;;
thread;вдевать;;;;;;;;
thread dope;смазка резьбовая;;;;;;;;
thread height;высота резьбы;;;;;;;;
thread protector;предохранитель для резьбы;;;;;;;;
three roller bitthree cone  bit;трехшарошечное долото;;;;;;;;
three single stand;трехтрубная свеча;;;;;;;;
three-way bit;трехлопастное долото;;;;;;;;
throttltchoke ;дроссель;;;;;;;;
thrust, overlap;надвиг;;;;;;;;
tight;затянуть;;;;;;;;
time - lag - free;безинерционный;;;;;;;;
time of setting;срок схватывания цемента;;;;;;;;
tin plate;жесть;;;;;;;;
to dress;залить печать баббитом;;;;;;;;
to pinch out, end off;выклиниваться;;;;;;;;
tolerance;допуск;;;;;;;;
tong dies;сухари трубных ключей;;;;;;;;
tongs;ключ трубный;;;;;;;;
tool - joint;муфта-замок;;;;;;;;
tool joint;замок бурильный;;;;;;;;
tool joint compound;смазка буровых замков;;;;;;;;
tool saver;уловитель инструмента на лубрикаторе;;;;;;;;
toolpusher;старший бур. мастер;;;;;;;;
top cementing plug;верхняя цементир. Пробка;;;;;;;;
top diam.;начальный д. скважины;;;;;;;;
top of a fold;гребень складки;;;;;;;;
top of fill, temporary bottom;ТЗ (т.з.) текущий забой;;;;;;;;
top of fish;голова аварийного инструмента;;;;;;;;
top, surface;кровля;;;;;;;;
torque converter;преобразователь момента вращения;;;;;;;;
torque up on fish;обурить аварийный инструмент;;;;;;;;
touch type;печатать на машинке вслепую;;;;;;;;
TPOR;общая пористость Кпобщ;;;;;;;;
tracer;индикатор;;;;;;;;
transducer;гидротрансформатор для индикатора веса;;;;;;;;
transformer substation;ТП трансформаторная подстанция;;;;;;;;
trap;ловушка;;;;;;;;
trap;ловущка;;;;;;;;
travelling block;талевый блок;;;;;;;;
travelling block guide rolley;каретка талевого блока;;;;;;;;
tree cap;крышка фонтанной арматуры;;;;;;;;
tribble;трехтрубка;;;;;;;;
trigger bit;долото колонковое с кернорвателем;;;;;;;;
trip;СПО;;;;;;;;
trip;СПО;;;;;;;;
trip spear;освобождаемая труболовка;;;;;;;;
TRNP;кажущаяся пористость по 2ННКт/РК-П   Wнкт %;;;;;;;;
trouble;неполадка;;;;;;;;
trouble - free;безотказно;;;;;;;;
trouble free;безотказно;;;;;;;;
tubing;трубы НКТ;;;;;;;;
tubing (sucker rod) pump;НГН невставной  глубинный насос;;;;;;;;
tubing breaker ;раскрепитель НКТ;;;;;;;;
tubing head pressure;давление на буфере;;;;;;;;
tubing hunger;подвеска НКТ;;;;;;;;
tubing pool assembly;катушка НКТ;;;;;;;;
tubing socket;ловильный шлипс для НКТ;;;;;;;;
tubing spear;труболовка для НКТ;;;;;;;;
tubing spider, casing spider ;спайдер (НКТ) (обсадных);;;;;;;;
tubing spool;катушка НКТ;;;;;;;;
tubing with external  upset ends (EUE);трубы с наружной высадкой концов;;;;;;;;
tubing with internal upset ends (IUE);трубы с внутренней высадкой концов;;;;;;;;
tubing with plain ends;трубы без высадки концов;;;;;;;;
tubular goods;трубы нефтяного сортамента;;;;;;;;
tungsten - carbide insert bit;долото с вольфрамо-карбидными вставками;;;;;;;;
tungstenshank sholder (?);вольфрам;;;;;;;;
turbine drive;турбопривод;;;;;;;;
turbodrill;турбобур;;;;;;;;
turbodrilling;турбинное бурение;;;;;;;;
turnaround;ремонт планово-предупредительный;;;;;;;;
twist-off;обрыв бурильных труб;;;;;;;;
two-stage;двухступенчатый;;;;;;;;
type hook block;крюкблок;;;;;;;;
uncased holeopen hole;необсаженная скважина;;;;;;;;
unconformity;несогласие;;;;;;;;
uncontrolled flow;открытое фонтанирование;;;;;;;;
under reservoir conditions;в пластовых условиях;;;;;;;;
underground, depths;недра;;;;;;;;
underream well;расширить ствол;;;;;;;;
underreamer  ;расширитель пилотный;;;;;;;;
underreaming bit;расширитель ;;;;;;;;
underreamingreaming the hole;расширение ствола скважины;;;;;;;;
uniform;равномерный;;;;;;;;
unitized, in blocks;блочный;;;;;;;;
universal joint;карданное соединение;;;;;;;;
unset;сорвать пакер;;;;;;;;
unstable;неустановившийся;;;;;;;;
upcust, upcust fault;взброс;;;;;;;;
upset end of tubing;высаженный конец трубы;;;;;;;;
upset tubing;трубы с высаженными концами ;;;;;;;;
upward;наверх;;;;;;;;
upward velocity;скорость восходящего потока бурового раствора;;;;;;;;
usable log;доброкачественная диаграмма;;;;;;;;
useful life of equipment;долговечность оборудования;;;;;;;;
V - belt;ремень клиновидный;;;;;;;;
valve seat / piston puller;съемник седла и поршней;;;;;;;;
variable;переменный;;;;;;;;
variable bore ram;универсальные плашки;;;;;;;;
VDP1;волновая картина  1 канал;;;;;;;;
VDP2;волновая картина  2 канал;;;;;;;;
vent box;контролер ЭЦН (?) или вентиляционная коробка;;;;;;;;
viscosity;вязкость;;;;;;;;
waits on cement;ОЗЦ ожидание затвердения цемента;;;;;;;;
walking beam;балансир;;;;;;;;
wall building proper.;коркообразующие свойства бурового раствора;;;;;;;;
wall pack off;СУСГ сальниковое уплотнение ;;;;;;;;
wall scraper;скребок для очистки стенок скважины;;;;;;;;
washover;расфрезерование;;;;;;;;
washover pipe;кольцевой фрез;;;;;;;;
washover shoe;кольцевой фрезер;;;;;;;;
watch;вахта;;;;;;;;
water - base mud;раствор на водной основе;;;;;;;;
water bearing;водоносный;;;;;;;;
water controlled field;месторождение с гидравлическим режимом;;;;;;;;
water drive;вытеснение нефти водой;;;;;;;;
water encroachmentdrowing;обводнение пласта или скважины;;;;;;;;
water flooding;заводнение;;;;;;;;
water permeability;водопроницаемость;;;;;;;;
water production rate WATER;добыча воды;;;;;;;;
water saturated;водонасыщенный;;;;;;;;
water seepage;водопроявление;;;;;;;;
water supply line;водопровод;;;;;;;;
water-repellent;гидрофобный;;;;;;;;
water-tight, water - proof;водонепроницаемый;;;;;;;;
wax;воск;;;;;;;;
way-mark;веха;;;;;;;;
weak acid;слабая кислота;;;;;;;;
wear;износ;;;;;;;;
wear off;срабатывается;;;;;;;;
wear resistance;износостойкость;;;;;;;;
wearproof;износостойкий;;;;;;;;
weathering;выветривание;;;;;;;;
weighed mud;раствор утяжеленный;;;;;;;;
weight control on the bit;регулирование нагрузки на долото;;;;;;;;
weight indicator;дриллометр;;;;;;;;
weight indicator control panel;пульт приборов;;;;;;;;
weight on the bit;нагрузка на долото;;;;;;;;
weighting material ;утяжелитель;;;;;;;;
well clean ;аварийная компоновка выловлена;;;;;;;;
well completion;заканчивание скважины;;;;;;;;
Well flowing on 16 mm choke;скважина на 16 мм штуц.;;;;;;;;
well head;устье скважины;;;;;;;;
well head;ф/а фонтанная арматура;;;;;;;;
well head equipment;оборудование устья скважины;;;;;;;;
well head pressure  WHP;давление на входе;;;;;;;;
well log;буровой журнал, разрез по скважине;;;;;;;;
well off;простаивающая скважина;;;;;;;;
well profile data;профиль скважины;;;;;;;;
well swabbing;свабирование скважины;;;;;;;;
Well test and design shop;ЦНИПР цех научно-исследовательских и проектных работ;;;;;;;;
well test log;регистрация основных параметров при пробной эксплуатации;;;;;;;;
well workover;ПРС подземный ремонт скважины;;;;;;;;
Well workover engineering Dep.;ТОПКРС технологический отдел подз. и кап.  рем.  скважин ;;;;;;;;
well workover preparation shop;ЦПКРС цех подготовки капитального ремонта скважин;;;;;;;;
Well workover shop;ЦПРС цех подземного ремонта скуважин;;;;;;;;
whipstock;отклониться;;;;;;;;
wind up, wind out;ПЗО (подготов. Закл. Работы);;;;;;;;
wing valves;задвижки на крестовине;;;;;;;;
wiper plugfollower plug;цементировочная пробка верхняя;;;;;;;;
wire - line retriever;ловитель каната (проволоки);;;;;;;;
wire cable;стальной канат;;;;;;;;
wire line guide;успокоитель ходового конца т. каната;;;;;;;;
wire line slippage;стравливание каната;;;;;;;;
wire roperopecable;канат;;;;;;;;
wireline truck;каротажная станция;;;;;;;;
wireline works;канатные работы;;;;;;;;
withdraw ;отводить;;;;;;;;
withdrawal;отбор;;;;;;;;
wobble;вилять;;;;;;;;
work horses;козлы;;;;;;;;
Work safety Dep.;ОТТБ охрана труда и техника безопасности;;;;;;;;
work the pipe up and down;расхаживать трубы;;;;;;;;
working platformracking platform;полати буровой вышки;;;;;;;;
workover;ремонт скважины;;;;;;;;
workover, overhaul;КР капитальный ремонт;;;;;;;;
worm - gear drive ;червячный привод;;;;;;;;
;;;;;;;;;
;;;;;;;;;
;;;;;;;;;
;;;;;;;;;
;;;;;;;;;
;;;;;;;;;
;;;;;;;;;
;;;;;;;;;
;;;;;;;;;
;;;;;;;;;
;;;;;;;;;
;;;;;;;;;
;;;;;;;;;
;;;;;;;;;
;;;;;;;;;
;;;;;;;;;
;;;;;;;;;
;;;;;;;;;
;;;;;;;;;
;;;;;;;;;
;;;;;;;;;
;;;;;;;;;
;;;;;;;;;
;;;;;;;;;
;;;;;;;;;
;;;;;;;;;
;;;;;;;;;
;;;;;;;;;
;;;;;;;;;
;;;;;;;;;
;;;;;;;;;
;;;;;;;;;
;;;;;;;;;
;;;;;;;;;
;;;;;;;;;
;;;;;;;;;
;;;;;;;;;
;;;;;;;;;
;;;;;;;;;
;;;;;;;;;
;;;;;;;;;
;;;;;;;;;
;;;;;;;;;
;;;;;;;;;
;;;;;;;;;
;;;;;;;;;
;;;;;;;;;
;;;;;;;;;
;;;;;;;;;
;;;;;;;;;
;;;;;;;;;
;;;;;;;;;
;;;;;;;;;
;;;;;;;;;
;;;;;;;;;
;;;;;;;;;
;;;;;;;;;
;;;;;;;;;
;;;;;;;;;
;;;;;;;;;
;;;;;;;;;
;;;;;;;;;
;;;;;;;;;
;;;;;;;;;
;;;;;;;;;
;;;;;;;;;
;;;;;;;;;
;;;;;;;;;
;;;;;;;;;
;;;;;;;;;
;;;;;;;;;
;;;;;;;;;
;;;;;;;;;
;;;;;;;;;
;;;;;;;;;
;;;;;;;;;
;;;;;;;;;
;;;;;;;;;
;;;;;;;;;
;;;;;;;;;
;;;;;;;;;
;;;;;;;;;
;;;;;;;;;
;;;;;;;;;
;;;;;;;;;
;;;;;;;;;
;;;;;;;;;
;;;;;;;;;
;;;;;;;;;
;;;;;;;;;
;;;;;;;;;
;;;;;;;;;
;;;;;;;;;
;;;;;;;;;
;;;;;;;;;
;;;;;;;;;
;;;;;;;;;
;;;;;;;;;
;;;;;;;;;
;;;;;;;;;
;;;;;;;;;
;;;;;;;;;
;;;;;;;;;
;;;;;;;;;
;;;;;;;;;
;;;;;;;;;
;;;;;;;;;
;;;;;;;;;
;;;;;;;;;
;;;;;;;;;
;;;;;;;;;
;;;;;;;;;
;;;;;;;;;
;;;;;;;;;
;;;;;;;;;
;;;;;;;;;
;;;;;;;;;
;;;;;;;;;
;;;;;;;;;
;;;;;;;;;
;;;;;;;;;
;;;;;;;;;
;;;;;;;;;
;;;;;;;;;
;;;;;;;;;
;;;;;;;;;
;;;;;;;;;
;;;;;;;;;
;;;;;;;;;
;;;;;;;;;
;;;;;;;;;
;;;;;;;;;
;;;;;;;;;
;;;;;;;;;
;;;;;;;;;
;;;;;;;;;
;;;;;;;;;
;;;;;;;;;
;;;;;;;;;
;;;;;;;;;
;;;;;;;;;
;;;;;;;;;
;;;;;;;;;
;;;;;;;;;
;;;;;;;;;
;;;;;;;;;
;;;;;;;;;
;;;;;;;;;
;;;;;;;;;
;;;;;;;;;
;;;;;;;;;
;;;;;;;;;
;;;;;;;;;
;;;;;;;;;
;;;;;;;;;
;;;;;;;;;
;;;;;;;;;
;;;;;;;;;
;;;;;;;;;
;;;;;;;;;
;;;;;;;;;
;;;;;;;;;
;;;;;;;;;
;;;;;;;;;
;;;;;;;;;
;;;;;;;;;
;;;;;;;;;
;;;;;;;;;
;;;;;;;;;
;;;;;;;;;
;;;;;;;;;
;;;;;;;;;
;;;;;;;;;
;;;;;;;;;
;;;;;;;;;
;;;;;;;;;
;;;;;;;;;
;;;;;;;;;
;;;;;;;;;
;;;;;;;;;
;;;;;;;;;
;;;;;;;;;
;;;;;;;;;
;;;;;;;;;
;;;;;;;;;
;;;;;;;;;
;;;;;;;;;
;;;;;;;;;
;;;;;;;;;
;;;;;;;;;
;;;;;;;;;
;;;;;;;;;
;;;;;;;;;
;;;;;;;;;
;;;;;;;;;
;;;;;;;;;
;;;;;;;;;
;;;;;;;;;
;;;;;;;;;
;;;;;;;;;
;;;;;;;;;
;;;;;;;;;
;;;;;;;;;
;;;;;;;;;
;;;;;;;;;
;;;;;;;;;
;;;;;;;;;
;;;;;;;;;
;;;;;;;;;
;;;;;;;;;
;;;;;;;;;
;;;;;;;;;
;;;;;;;;;
;;;;;;;;;
;;;;;;;;;
;;;;;;;;;
;;;;;;;;;
;;;;;;;;;
;;;;;;;;;
;;;;;;;;;
;;;;;;;;;
;;;;;;;;;
;;;;;;;;;
;;;;;;;;;
;;;;;;;;;
;;;;;;;;;
;;;;;;;;;
;;;;;;;;;
;;;;;;;;;
;;;;;;;;;
;;;;;;;;;
;;;;;;;;;
;;;;;;;;;
;;;;;;;;;
;;;;;;;;;
;;;;;;;;;
;;;;;;;;;
;;;;;;;;;
;;;;;;;;;
;;;;;;;;;
;;;;;;;;;
;;;;;;;;;
;;;;;;;;;
;;;;;;;;;
;;;;;;;;;
;;;;;;;;;
;;;;;;;;;
;;;;;;;;;
;;;;;;;;;
;;;;;;;;;
;;;;;;;;;
;;;;;;;;;
;;;;;;;;;
;;;;;;;;;
;;;;;;;;;
;;;;;;;;;
;;;;;;;;;
;;;;;;;;;
;;;;;;;;;
;;;;;;;;;
;;;;;;;;;
;;;;;;;;;
;;;;;;;;;
;;;;;;;;;
;;;;;;;;;
;;;;;;;;;
;;;;;;;;;
;;;;;;;;;
;;;;;;;;;
;;;;;;;;;
;;;;;;;;;
;;;;;;;;;
;;;;;;;;;
;;;;;;;;;
;;;;;;;;;
;;;;;;;;;
;;;;;;;;;
;;;;;;;;;
;;;;;;;;;
;;;;;;;;;
;;;;;;;;;
;;;;;;;;;
;;;;;;;;;
;;;;;;;;;
;;;;;;;;;
;;;;;;;;;
;;;;;;;;;
;;;;;;;;;
;;;;;;;;;
;;;;;;;;;
;;;;;;;;;
;;;;;;;;;
;;;;;;;;;
;;;;;;;;;
;;;;;;;;;
;;;;;;;;;
;;;;;;;;;
;;;;;;;;;
;;;;;;;;;
;;;;;;;;;
;;;;;;;;;
;;;;;;;;;
;;;;;;;;;
;;;;;;;;;
;;;;;;;;;
;;;;;;;;;
;;;;;;;;;
;;;;;;;;;
;;;;;;;;;
;;;;;;;;;
;;;;;;;;;
;;;;;;;;;
;;;;;;;;;
;;;;;;;;;
;;;;;;;;;
;;;;;;;;;
;;;;;;;;;
;;;;;;;;;
;;;;;;;;;
;;;;;;;;;
;;;;;;;;;
;;;;;;;;;
;;;;;;;;;
;;;;;;;;;
;;;;;;;;;
;;;;;;;;;
;;;;;;;;;
;;;;;;;;;
;;;;;;;;;
;;;;;;;;;
;;;;;;;;;
;;;;;;;;;
;;;;;;;;;
;;;;;;;;;
;;;;;;;;;
;;;;;;;;;
;;;;;;;;;
;;;;;;;;;
;;;;;;;;;
;;;;;;;;;
;;;;;;;;;
;;;;;;;;;
;;;;;;;;;
;;;;;;;;;
;;;;;;;;;
;;;;;;;;;
;;;;;;;;;
;;;;;;;;;
;;;;;;;;;
;;;;;;;;;
;;;;;;;;;
;;;;;;;;;
;;;;;;;;;
;;;;;;;;;
;;;;;;;;;
;;;;;;;;;
;;;;;;;;;
;;;;;;;;;
;;;;;;;;;
;;;;;;;;;
;;;;;;;;;
;;;;;;;;;
;;;;;;;;;
;;;;;;;;;
;;;;;;;;;
;;;;;;;;;
;;;;;;;;;
;;;;;;;;;
;;;;;;;;;
;;;;;;;;;
;;;;;;;;;
;;;;;;;;;
;;;;;;;;;
;;;;;;;;;
;;;;;;;;;
;;;;;;;;;
;;;;;;;;;
;;;;;;;;;
;;;;;;;;;
;;;;;;;;;
;;;;;;;;;
;;;;;;;;;
;;;;;;;;;
;;;;;;;;;
;;;;;;;;;
;;;;;;;;;
;;;;;;;;;
;;;;;;;;;
;;;;;;;;;
;;;;;;;;;
;;;;;;;;;
;;;;;;;;;
;;;;;;;;;
;;;;;;;;;
;;;;;;;;;
;;;;;;;;;
;;;;;;;;;
;;;;;;;;;
;;;;;;;;;
;;;;;;;;;
;;;;;;;;;
;;;;;;;;;
;;;;;;;;;
;;;;;;;;;
;;;;;;;;;
;;;;;;;;;
;;;;;;;;;
;;;;;;;;;
;;;;;;;;;
;;;;;;;;;
;;;;;;;;;
;;;;;;;;;
;;;;;;;;;
;;;;;;;;;
;;;;;;;;;
;;;;;;;;;
;;;;;;;;;
;;;;;;;;;
;;;;;;;;;
;;;;;;;;;
;;;;;;;;;
;;;;;;;;;
;;;;;;;;;
;;;;;;;;;
;;;;;;;;;
;;;;;;;;;
;;;;;;;;;
;;;;;;;;;
;;;;;;;;;
;;;;;;;;;
;;;;;;;;;
;;;;;;;;;
;;;;;;;;;
;;;;;;;;;
;;;;;;;;;
;;;;;;;;;
;;;;;;;;;
;;;;;;;;;
;;;;;;;;;
;;;;;;;;;
;;;;;;;;;
;;;;;;;;;
;;;;;;;;;
;;;;;;;;;
;;;;;;;;;
;;;;;;;;;
;;;;;;;;;
;;;;;;;;;
;;;;;;;;;
;;;;;;;;;
;;;;;;;;;
;;;;;;;;;
;;;;;;;;;
;;;;;;;;;
;;;;;;;;;
;;;;;;;;;
;;;;;;;;;
;;;;;;;;;
;;;;;;;;;
;;;;;;;;;
;;;;;;;;;
;;;;;;;;;
;;;;;;;;;
;;;;;;;;;
;;;;;;;;;
;;;;;;;;;
;;;;;;;;;
;;;;;;;;;
;;;;;;;;;
;;;;;;;;;
;;;;;;;;;
;;;;;;;;;
;;;;;;;;;
;;;;;;;;;
;;;;;;;;;
;;;;;;;;;
;;;;;;;;;
;;;;;;;;;
;;;;;;;;;
;;;;;;;;;
;;;;;;;;;
;;;;;;;;;
;;;;;;;;;
;;;;;;;;;
;;;;;;;;;
;;;;;;;;;
;;;;;;;;;
;;;;;;;;;
;;;;;;;;;
;;;;;;;;;
;;;;;;;;;
;;;;;;;;;
;;;;;;;;;
;;;;;;;;;
;;;;;;;;;
;;;;;;;;;
;;;;;;;;;
;;;;;;;;;
;;;;;;;;;
;;;;;;;;;
;;;;;;;;;
;;;;;;;;;
;;;;;;;;;
;;;;;;;;;
;;;;;;;;;
;;;;;;;;;
;;;;;;;;;
;;;;;;;;;
;;;;;;;;;
;;;;;;;;;
;;;;;;;;;
;;;;;;;;;
;;;;;;;;;
;;;;;;;;;
;;;;;;;;;
;;;;;;;;;
;;;;;;;;;
;;;;;;;;;
;;;;;;;;;
;;;;;;;;;
;;;;;;;;;
;;;;;;;;;
;;;;;;;;;
;;;;;;;;;
;;;;;;;;;
;;;;;;;;;
;;;;;;;;;
;;;;;;;;;
;;;;;;;;;
;;;;;;;;;
;;;;;;;;;
;;;;;;;;;
;;;;;;;;;
;;;;;;;;;
;;;;;;;;;
;;;;;;;;;
;;;;;;;;;
;;;;;;;;;
;;;;;;;;;
;;;;;;;;;
;;;;;;;;;
;;;;;;;;;
;;;;;;;;;
;;;;;;;;;
;;;;;;;;;
;;;;;;;;;
;;;;;;;;;
;;;;;;;;;
;;;;;;;;;
;;;;;;;;;
;;;;;;;;;
;;;;;;;;;
;;;;;;;;;
;;;;;;;;;
;;;;;;;;;
;;;;;;;;;
;;;;;;;;;
;;;;;;;;;
;;;;;;;;;
;;;;;;;;;
;;;;;;;;;
;;;;;;;;;
;;;;;;;;;
;;;;;;;;;
;;;;;;;;;
;;;;;;;;;
;;;;;;;;;
;;;;;;;;;
;;;;;;;;;
;;;;;;;;;
;;;;;;;;;
;;;;;;;;;
;;;;;;;;;
;;;;;;;;;
;;;;;;;;;
;;;;;;;;;
;;;;;;;;;
;;;;;;;;;
;;;;;;;;;
;;;;;;;;;
;;;;;;;;;
;;;;;;;;;
;;;;;;;;;
;;;;;;;;;
;;;;;;;;;
;;;;;;;;;
;;;;;;;;;
;;;;;;;;;
;;;;;;;;;
;;;;;;;;;
;;;;;;;;;
;;;;;;;;;
;;;;;;;;;
;;;;;;;;;
;;;;;;;;;
;;;;;;;;;
;;;;;;;;;
;;;;;;;;;
;;;;;;;;;
;;;;;;;;;
;;;;;;;;;
;;;;;;;;;
;;;;;;;;;
;;;;;;;;;
;;;;;;;;;
;;;;;;;;;
;;;;;;;;;
;;;;;;;;;
;;;;;;;;;
;;;;;;;;;
;;;;;;;;;
;;;;;;;;;
;;;;;;;;;
;;;;;;;;;
;;;;;;;;;
;;;;;;;;;
;;;;;;;;;
;;;;;;;;;
;;;;;;;;;
;;;;;;;;;
;;;;;;;;;
;;;;;;;;;
;;;;;;;;;
;;;;;;;;;
;;;;;;;;;
;;;;;;;;;
;;;;;;;;;
;;;;;;;;;
;;;;;;;;;
;;;;;;;;;
;;;;;;;;;
;;;;;;;;;
;;;;;;;;;
;;;;;;;;;
;;;;;;;;;
;;;;;;;;;
;;;;;;;;;
;;;;;;;;;
;;;;;;;;;
;;;;;;;;;
;;;;;;;;;
;;;;;;;;;
;;;;;;;;;
;;;;;;;;;
;;;;;;;;;
;;;;;;;;;
;;;;;;;;;
;;;;;;;;;
;;;;;;;;;
;;;;;;;;;
;;;;;;;;;
;;;;;;;;;
;;;;;;;;;
;;;;;;;;;
;;;;;;;;;
;;;;;;;;;
;;;;;;;;;
;;;;;;;;;
;;;;;;;;;
;;;;;;;;;
;;;;;;;;;
;;;;;;;;;
;;;;;;;;;
;;;;;;;;;
;;;;;;;;;
;;;;;;;;;
;;;;;;;;;
;;;;;;;;;
;;;;;;;;;
;;;;;;;;;
;;;;;;;;;
;;;;;;;;;
;;;;;;;;;
;;;;;;;;;
;;;;;;;;;
;;;;;;;;;
;;;;;;;;;
;;;;;;;;;
;;;;;;;;;
;;;;;;;;;
;;;;;;;;;
;;;;;;;;;
;;;;;;;;;
;;;;;;;;;
;;;;;;;;;
;;;;;;;;;
;;;;;;;;;
;;;;;;;;;
;;;;;;;;;
;;;;;;;;;
;;;;;;;;;
;;;;;;;;;
;;;;;;;;;
;;;;;;;;;
;;;;;;;;;
;;;;;;;;;
;;;;;;;;;
;;;;;;;;;
;;;;;;;;;
;;;;;;;;;
;;;;;;;;;
;;;;;;;;;
;;;;;;;;;
;;;;;;;;;
;;;;;;;;;
;;;;;;;;;
;;;;;;;;;
;;;;;;;;;
;;;;;;;;;
;;;;;;;;;
;;;;;;;;;
;;;;;;;;;
;;;;;;;;;
;;;;;;;;;
;;;;;;;;;
;;;;;;;;;
;;;;;;;;;
;;;;;;;;;
;;;;;;;;;
;;;;;;;;;
;;;;;;;;;
;;;;;;;;;
;;;;;;;;;
;;;;;;;;;
;;;;;;;;;
;;;;;;;;;
;;;;;;;;;
;;;;;;;;;
;;;;;;;;;
;;;;;;;;;
;;;;;;;;;
;;;;;;;;;
;;;;;;;;;
;;;;;;;;;
;;;;;;;;;
;;;;;;;;;
;;;;;;;;;
;;;;;;;;;
;;;;;;;;;
;;;;;;;;;
;;;;;;;;;
;;;;;;;;;
;;;;;;;;;
;;;;;;;;;
;;;;;;;;;
;;;;;;;;;
;;;;;;;;;
;;;;;;;;;
;;;;;;;;;
;;;;;;;;;
;;;;;;;;;
;;;;;;;;;
;;;;;;;;;
;;;;;;;;;
;;;;;;;;;
;;;;;;;;;
;;;;;;;;;
;;;;;;;;;
;;;;;;;;;
;;;;;;;;;
;;;;;;;;;
;;;;;;;;;
;;;;;;;;;
;;;;;;;;;
;;;;;;;;;
;;;;;;;;;
;;;;;;;;;
;;;;;;;;;
;;;;;;;;;
;;;;;;;;;
;;;;;;;;;
;;;;;;;;;
;;;;;;;;;
;;;;;;;;;
;;;;;;;;;
;;;;;;;;;
;;;;;;;;;
;;;;;;;;;
;;;;;;;;;
;;;;;;;;;
;;;;;;;;;
;;;;;;;;;
;;;;;;;;;
;;;;;;;;;
;;;;;;;;;
;;;;;;;;;
;;;;;;;;;
;;;;;;;;;
;;;;;;;;;
;;;;;;;;;
;;;;;;;;;
;;;;;;;;;
;;;;;;;;;
;;;;;;;;;
;;;;;;;;;
;;;;;;;;;
;;;;;;;;;
;;;;;;;;;
;;;;;;;;;
;;;;;;;;;
;;;;;;;;;
;;;;;;;;;
;;;;;;;;;
;;;;;;;;;
;;;;;;;;;
;;;;;;;;;
;;;;;;;;;
;;;;;;;;;
;;;;;;;;;
;;;;;;;;;
;;;;;;;;;
;;;;;;;;;
;;;;;;;;;
;;;;;;;;;
;;;;;;;;;
;;;;;;;;;
;;;;;;;;;
;;;;;;;;;
;;;;;;;;;
;;;;;;;;;
;;;;;;;;;
;;;;;;;;;
;;;;;;;;;
;;;;;;;;;
;;;;;;;;;
;;;;;;;;;
;;;;;;;;;
;;;;;;;;;
;;;;;;;;;
;;;;;;;;;
;;;;;;;;;
;;;;;;;;;
;;;;;;;;;
;;;;;;;;;
;;;;;;;;;
;;;;;;;;;
;;;;;;;;;
;;;;;;;;;
;;;;;;;;;
;;;;;;;;;
;;;;;;;;;
;;;;;;;;;
;;;;;;;;;
;;;;;;;;;
;;;;;;;;;
;;;;;;;;;
;;;;;;;;;
;;;;;;;;;
;;;;;;;;;
;;;;;;;;;
;;;;;;;;;
;;;;;;;;;
;;;;;;;;;
;;;;;;;;;